code,font,sample,char
100,0,0,d
100,0,1,d
100,0,20,d
100,0,3,d
100,0,30,d
100,0,31,d
100,0,32,d
100,0,42,d
100,0,43,d
100,0,44,d
100,0,6,d
100,1,0,d
100,1,12,d
100,1,13,d
100,1,28,d
100,1,34,d
100,1,38,d
100,1,39,d
100,1,41,d
100,1,42,d
100,1,44,d
100,1,6,d
100,2,14,d
100,2,22,d
100,2,26,d
100,2,27,d
100,2,31,d
100,2,32,d
100,2,33,d
100,2,40,d
100,2,44,d
100,2,7,d
100,2,8,d
100,3,0,d
100,3,2,d
100,3,20,d
100,3,25,d
100,3,26,d
100,3,32,d
100,3,34,d
100,3,36,d
100,3,4,d
100,3,41,d
100,3,43,d
100,3,44,d
100,3,46,d
100,3,9,d
100,4,10,d
100,4,21,d
100,4,23,d
100,4,24,d
100,4,42,d
100,5,11,d
100,5,15,d
100,5,21,d
100,5,31,d
100,5,32,d
100,5,33,d
100,5,39,d
100,5,46,d
100,5,47,d
100,5,5,d
100,6,22,d
100,6,23,d
100,6,25,d
100,6,3,d
100,6,45,d
100,6,49,d
100,7,13,d
100,7,19,d
100,7,28,d
100,7,31,d
100,8,14,d
100,8,15,d
100,8,25,d
100,8,29,d
100,8,3,d
100,8,31,d
100,8,32,d
100,8,37,d
100,8,39,d
100,8,41,d
100,8,49,d
100,8,5,d
100,9,13,d
100,9,14,d
100,9,15,d
100,9,18,d
100,9,2,d
100,9,20,d
100,9,25,d
100,9,33,d
100,9,34,d
100,9,37,d
100,9,39,d
100,9,40,d
100,9,41,d
100,9,44,d
100,9,48,d
100,9,49,d
101,0,1,e
101,0,12,e
101,0,13,e
101,0,15,e
101,0,28,e
101,0,33,e
101,0,35,e
101,0,4,e
101,0,46,e
101,0,49,e
101,0,6,e
101,0,8,e
101,0,9,e
101,1,14,e
101,1,28,e
101,1,32,e
101,1,34,e
101,1,37,e
101,1,46,e
101,1,49,e
101,2,0,e
101,2,13,e
101,2,18,e
101,2,21,e
101,2,23,e
101,2,24,e
101,2,26,e
101,2,29,e
101,2,30,e
101,2,34,e
101,2,35,e
101,2,36,e
101,2,41,e
101,2,8,e
101,3,1,e
101,3,12,e
101,3,24,e
101,3,39,e
101,3,43,e
101,3,5,e
101,3,8,e
101,4,0,e
101,4,10,e
101,4,12,e
101,4,15,e
101,4,22,e
101,4,32,e
101,4,41,e
101,4,43,e
101,4,44,e
101,4,46,e
101,4,48,e
101,5,12,e
101,5,15,e
101,5,16,e
101,5,23,e
101,5,24,e
101,5,26,e
101,5,27,e
101,5,32,e
101,5,35,e
101,5,44,e
101,5,45,e
101,5,48,e
101,5,49,e
101,6,0,e
101,6,14,e
101,6,16,e
101,6,2,e
101,6,4,e
101,6,8,e
101,6,9,e
101,7,1,e
101,7,19,e
101,7,23,e
101,7,33,e
101,7,40,e
101,7,44,e
101,7,47,e
101,8,10,e
101,8,13,e
101,8,19,e
101,8,2,e
101,8,26,e
101,8,31,e
101,8,33,e
101,8,40,e
101,8,45,e
101,8,46,e
101,8,9,e
101,9,13,e
101,9,17,e
101,9,29,e
101,9,3,e
101,9,30,e
101,9,34,e
101,9,38,e
101,9,4,e
101,9,5,e
101,9,7,e
102,0,18,f
102,0,2,f
102,0,20,f
102,0,21,f
102,0,3,f
102,0,31,f
102,0,35,f
102,0,37,f
102,0,4,f
102,0,40,f
102,0,43,f
102,0,44,f
102,0,49,f
102,1,12,f
102,1,16,f
102,1,2,f
102,1,23,f
102,1,27,f
102,1,28,f
102,1,29,f
102,1,32,f
102,1,34,f
102,1,36,f
102,1,37,f
102,1,42,f
102,2,1,f
102,2,31,f
102,2,38,f
102,2,4,f
102,2,41,f
102,2,49,f
102,2,6,f
102,2,9,f
102,3,1,f
102,3,22,f
102,3,33,f
102,3,37,f
102,3,38,f
102,3,4,f
102,3,41,f
102,3,44,f
102,3,45,f
102,3,6,f
102,3,8,f
102,4,14,f
102,4,2,f
102,4,21,f
102,4,23,f
102,4,25,f
102,4,27,f
102,4,35,f
102,4,36,f
102,4,44,f
102,4,6,f
102,5,15,f
102,5,24,f
102,5,32,f
102,5,34,f
102,5,35,f
102,5,36,f
102,5,7,f
102,6,0,f
102,6,16,f
102,6,19,f
102,6,29,f
102,6,35,f
102,6,38,f
102,6,42,f
102,6,43,f
102,7,0,f
102,7,10,f
102,7,13,f
102,7,24,f
102,7,25,f
102,7,30,f
102,7,39,f
102,7,45,f
102,7,7,f
102,7,8,f
102,8,0,f
102,8,11,f
102,8,15,f
102,8,2,f
102,8,21,f
102,8,25,f
102,8,29,f
102,8,31,f
102,8,34,f
102,8,43,f
102,8,47,f
102,8,49,f
102,8,5,f
102,8,8,f
102,9,15,f
102,9,28,f
102,9,30,f
102,9,31,f
102,9,32,f
102,9,35,f
102,9,43,f
103,0,11,g
103,0,12,g
103,0,2,g
103,0,27,g
103,0,3,g
103,0,31,g
103,0,36,g
103,0,37,g
103,0,48,g
103,0,49,g
103,1,10,g
103,1,22,g
103,1,23,g
103,1,30,g
103,1,31,g
103,1,33,g
103,1,36,g
103,1,38,g
103,1,4,g
103,1,41,g
103,1,44,g
103,1,45,g
103,1,7,g
103,1,8,g
103,1,9,g
103,2,12,g
103,2,13,g
103,2,20,g
103,2,23,g
103,2,26,g
103,2,32,g
103,2,37,g
103,2,38,g
103,2,42,g
103,3,15,g
103,3,29,g
103,3,30,g
103,3,33,g
103,3,4,g
103,3,42,g
103,4,1,g
103,4,13,g
103,4,14,g
103,4,2,g
103,4,29,g
103,4,3,g
103,4,30,g
103,4,35,g
103,4,4,g
103,4,41,g
103,4,42,g
103,4,45,g
103,4,46,g
103,5,12,g
103,5,13,g
103,5,16,g
103,5,17,g
103,5,19,g
103,5,26,g
103,5,33,g
103,5,34,g
103,5,38,g
103,5,40,g
103,5,45,g
103,5,47,g
103,5,6,g
103,5,8,g
103,6,11,g
103,6,17,g
103,6,18,g
103,6,24,g
103,6,29,g
103,6,8,g
103,7,1,g
103,7,12,g
103,7,17,g
103,7,22,g
103,7,27,g
103,7,38,g
103,7,4,g
103,7,48,g
103,8,0,g
103,8,1,g
103,8,12,g
103,8,14,g
103,8,21,g
103,8,25,g
103,8,35,g
103,8,36,g
103,8,39,g
103,8,41,g
103,8,43,g
103,8,7,g
103,8,9,g
103,9,2,g
103,9,25,g
103,9,30,g
103,9,33,g
103,9,4,g
103,9,43,g
104,0,0,h
104,0,11,h
104,0,15,h
104,0,27,h
104,0,30,h
104,0,33,h
104,0,38,h
104,0,41,h
104,0,5,h
104,1,11,h
104,1,12,h
104,1,13,h
104,1,15,h
104,1,18,h
104,1,21,h
104,1,26,h
104,1,31,h
104,1,37,h
104,1,46,h
104,1,47,h
104,1,48,h
104,2,0,h
104,2,11,h
104,2,14,h
104,2,18,h
104,2,22,h
104,2,27,h
104,2,3,h
104,2,35,h
104,2,42,h
104,2,43,h
104,3,16,h
104,3,19,h
104,3,20,h
104,3,38,h
104,3,42,h
104,3,6,h
104,4,1,h
104,4,11,h
104,4,16,h
104,4,18,h
104,4,25,h
104,4,26,h
104,4,27,h
104,4,33,h
104,4,37,h
104,4,42,h
104,4,47,h
104,4,48,h
104,4,8,h
104,4,9,h
104,5,1,h
104,5,14,h
104,5,16,h
104,5,19,h
104,5,20,h
104,5,24,h
104,5,3,h
104,5,32,h
104,5,4,h
104,5,42,h
104,5,6,h
104,5,8,h
104,6,11,h
104,6,13,h
104,6,18,h
104,6,27,h
104,6,38,h
104,6,39,h
104,6,4,h
104,6,48,h
104,6,49,h
104,6,9,h
104,7,30,h
104,7,45,h
104,7,46,h
104,7,8,h
104,8,0,h
104,8,19,h
104,8,21,h
104,8,25,h
104,8,26,h
104,8,27,h
104,8,36,h
104,8,6,h
104,8,7,h
104,9,0,h
104,9,1,h
104,9,17,h
104,9,19,h
104,9,21,h
104,9,23,h
104,9,28,h
104,9,3,h
104,9,31,h
104,9,33,h
104,9,39,h
104,9,47,h
104,9,5,h
104,9,6,h
105,0,11,i
105,0,19,i
105,0,25,i
105,0,34,i
105,0,43,i
105,0,44,i
105,0,47,i
105,0,5,i
105,1,24,i
105,1,25,i
105,1,27,i
105,1,33,i
105,1,36,i
105,1,40,i
105,1,42,i
105,1,44,i
105,1,48,i
105,1,9,i
105,2,0,i
105,2,16,i
105,2,18,i
105,2,19,i
105,2,2,i
105,2,26,i
105,2,34,i
105,2,37,i
105,2,38,i
105,2,6,i
105,3,11,i
105,3,12,i
105,3,15,i
105,3,23,i
105,3,3,i
105,3,30,i
105,3,32,i
105,3,36,i
105,3,4,i
105,3,40,i
105,3,44,i
105,3,47,i
105,3,48,i
105,3,49,i
105,4,18,i
105,4,26,i
105,4,28,i
105,4,4,i
105,4,47,i
105,5,13,i
105,5,14,i
105,5,16,i
105,5,2,i
105,5,21,i
105,5,23,i
105,5,26,i
105,5,30,i
105,5,31,i
105,5,37,i
105,5,41,i
105,5,7,i
105,6,1,i
105,6,15,i
105,6,22,i
105,6,32,i
105,6,33,i
105,6,34,i
105,6,42,i
105,6,47,i
105,6,9,i
105,7,11,i
105,7,15,i
105,7,19,i
105,7,2,i
105,7,26,i
105,7,3,i
105,7,37,i
105,7,42,i
105,7,45,i
105,7,47,i
105,7,5,i
105,8,14,i
105,8,26,i
105,8,27,i
105,8,30,i
105,8,37,i
105,8,39,i
105,8,40,i
105,8,48,i
105,8,49,i
105,8,8,i
105,9,11,i
105,9,16,i
105,9,17,i
105,9,19,i
105,9,3,i
105,9,4,i
105,9,41,i
105,9,43,i
105,9,48,i
105,9,5,i
105,9,6,i
106,0,10,j
106,0,15,j
106,0,16,j
106,0,17,j
106,0,22,j
106,0,30,j
106,0,34,j
106,0,46,j
106,1,15,j
106,1,21,j
106,1,27,j
106,1,28,j
106,1,30,j
106,1,31,j
106,1,33,j
106,1,4,j
106,1,47,j
106,2,0,j
106,2,12,j
106,2,14,j
106,2,15,j
106,2,16,j
106,2,20,j
106,2,21,j
106,2,29,j
106,2,32,j
106,2,35,j
106,2,38,j
106,2,42,j
106,2,46,j
106,3,12,j
106,3,25,j
106,3,33,j
106,3,40,j
106,3,48,j
106,3,5,j
106,4,0,j
106,4,10,j
106,4,15,j
106,4,2,j
106,4,21,j
106,4,31,j
106,4,34,j
106,4,38,j
106,4,4,j
106,4,42,j
106,4,43,j
106,4,46,j
106,4,5,j
106,4,8,j
106,5,12,j
106,5,16,j
106,5,20,j
106,5,26,j
106,5,30,j
106,5,37,j
106,5,39,j
106,5,42,j
106,5,43,j
106,5,44,j
106,5,46,j
106,5,48,j
106,5,5,j
106,5,6,j
106,6,12,j
106,6,13,j
106,6,26,j
106,6,30,j
106,6,32,j
106,6,33,j
106,6,46,j
106,7,17,j
106,7,20,j
106,7,22,j
106,7,24,j
106,7,29,j
106,7,33,j
106,7,37,j
106,8,12,j
106,8,18,j
106,8,24,j
106,8,27,j
106,8,30,j
106,8,41,j
106,8,43,j
106,8,46,j
106,8,6,j
106,9,14,j
106,9,21,j
106,9,25,j
106,9,26,j
106,9,30,j
106,9,31,j
106,9,33,j
106,9,37,j
106,9,38,j
106,9,47,j
106,9,49,j
106,9,5,j
106,9,7,j
107,0,0,k
107,0,16,k
107,0,23,k
107,0,3,k
107,0,30,k
107,0,4,k
107,0,45,k
107,0,46,k
107,1,10,k
107,1,20,k
107,1,26,k
107,1,29,k
107,1,30,k
107,1,31,k
107,1,33,k
107,1,36,k
107,1,48,k
107,1,5,k
107,2,0,k
107,2,18,k
107,2,22,k
107,2,27,k
107,2,34,k
107,2,36,k
107,2,45,k
107,2,48,k
107,2,49,k
107,2,6,k
107,2,7,k
107,3,11,k
107,3,16,k
107,3,22,k
107,3,23,k
107,3,33,k
107,3,36,k
107,3,37,k
107,3,38,k
107,3,46,k
107,3,49,k
107,3,7,k
107,4,13,k
107,4,19,k
107,4,28,k
107,4,29,k
107,4,32,k
107,4,35,k
107,4,45,k
107,5,0,k
107,5,11,k
107,5,18,k
107,5,23,k
107,5,27,k
107,5,34,k
107,5,39,k
107,5,4,k
107,5,41,k
107,5,43,k
107,5,48,k
107,6,1,k
107,6,22,k
107,6,4,k
107,6,45,k
107,7,13,k
107,7,19,k
107,7,24,k
107,7,25,k
107,7,27,k
107,7,32,k
107,7,35,k
107,7,36,k
107,7,37,k
107,7,41,k
107,7,42,k
107,7,43,k
107,7,44,k
107,7,46,k
107,7,7,k
107,8,0,k
107,8,19,k
107,8,25,k
107,8,28,k
107,8,32,k
107,8,33,k
107,8,34,k
107,8,37,k
107,8,9,k
107,9,11,k
107,9,12,k
107,9,14,k
107,9,16,k
107,9,24,k
107,9,25,k
107,9,28,k
107,9,30,k
107,9,32,k
107,9,36,k
107,9,39,k
107,9,49,k
107,9,6,k
107,9,7,k
108,0,17,l
108,0,18,l
108,0,19,l
108,0,25,l
108,0,26,l
108,0,28,l
108,0,39,l
108,0,4,l
108,0,40,l
108,0,44,l
108,0,46,l
108,0,5,l
108,0,6,l
108,0,9,l
108,1,12,l
108,1,15,l
108,1,16,l
108,1,17,l
108,1,43,l
108,1,46,l
108,1,49,l
108,2,17,l
108,2,2,l
108,2,22,l
108,2,27,l
108,2,31,l
108,2,33,l
108,2,34,l
108,2,37,l
108,2,46,l
108,3,0,l
108,3,10,l
108,3,12,l
108,3,27,l
108,3,28,l
108,3,32,l
108,3,33,l
108,3,43,l
108,3,44,l
108,4,1,l
108,4,16,l
108,4,17,l
108,4,29,l
108,4,37,l
108,4,6,l
108,4,9,l
108,5,1,l
108,5,11,l
108,5,15,l
108,5,16,l
108,5,19,l
108,5,2,l
108,5,29,l
108,5,5,l
108,6,12,l
108,6,15,l
108,6,18,l
108,6,29,l
108,6,3,l
108,6,33,l
108,6,36,l
108,6,37,l
108,6,4,l
108,6,44,l
108,6,7,l
108,6,9,l
108,7,10,l
108,7,17,l
108,7,19,l
108,7,26,l
108,7,28,l
108,7,35,l
108,7,43,l
108,7,47,l
108,8,0,l
108,8,1,l
108,8,11,l
108,8,29,l
108,8,31,l
108,8,32,l
108,8,34,l
108,8,36,l
108,8,48,l
108,8,49,l
108,8,6,l
108,9,0,l
108,9,13,l
108,9,14,l
108,9,15,l
108,9,19,l
108,9,2,l
108,9,29,l
108,9,3,l
108,9,33,l
108,9,34,l
108,9,40,l
108,9,43,l
108,9,47,l
108,9,6,l
108,9,8,l
109,0,11,m
109,0,13,m
109,0,19,m
109,0,34,m
109,0,35,m
109,0,39,m
109,0,40,m
109,0,43,m
109,0,5,m
109,1,15,m
109,1,20,m
109,1,24,m
109,1,29,m
109,1,3,m
109,1,35,m
109,1,43,m
109,1,44,m
109,1,5,m
109,1,8,m
109,1,9,m
109,2,20,m
109,2,3,m
109,2,30,m
109,2,36,m
109,2,37,m
109,2,38,m
109,2,40,m
109,2,49,m
109,2,6,m
109,3,0,m
109,3,11,m
109,3,13,m
109,3,14,m
109,3,17,m
109,3,2,m
109,3,20,m
109,3,21,m
109,3,28,m
109,3,3,m
109,3,35,m
109,3,36,m
109,3,37,m
109,3,4,m
109,3,41,m
109,3,44,m
109,3,5,m
109,4,19,m
109,4,24,m
109,4,28,m
109,4,3,m
109,4,31,m
109,4,35,m
109,4,38,m
109,4,47,m
109,4,48,m
109,4,9,m
109,5,0,m
109,5,10,m
109,5,15,m
109,5,17,m
109,5,31,m
109,5,33,m
109,5,37,m
109,5,45,m
109,5,47,m
109,5,9,m
109,6,1,m
109,6,24,m
109,6,29,m
109,7,0,m
109,7,1,m
109,7,10,m
109,7,13,m
109,7,14,m
109,7,2,m
109,7,23,m
109,7,37,m
109,7,41,m
109,7,6,m
109,7,7,m
109,8,10,m
109,8,11,m
109,8,16,m
109,8,17,m
109,8,21,m
109,8,24,m
109,8,25,m
109,8,43,m
109,9,0,m
109,9,1,m
109,9,13,m
109,9,19,m
109,9,24,m
109,9,38,m
109,9,4,m
109,9,40,m
109,9,43,m
109,9,45,m
109,9,47,m
109,9,6,m
110,0,17,n
110,0,18,n
110,0,2,n
110,0,26,n
110,0,31,n
110,0,32,n
110,0,34,n
110,0,4,n
110,0,40,n
110,0,41,n
110,0,42,n
110,0,45,n
110,0,46,n
110,0,49,n
110,0,6,n
110,1,0,n
110,1,10,n
110,1,13,n
110,1,17,n
110,1,36,n
110,1,43,n
110,2,15,n
110,2,20,n
110,2,26,n
110,2,27,n
110,2,3,n
110,2,39,n
110,2,41,n
110,2,49,n
110,2,6,n
110,2,7,n
110,2,9,n
110,3,10,n
110,3,15,n
110,3,24,n
110,3,25,n
110,3,4,n
110,3,44,n
110,3,47,n
110,3,48,n
110,3,49,n
110,3,5,n
110,3,6,n
110,4,17,n
110,4,18,n
110,4,22,n
110,4,26,n
110,4,27,n
110,4,28,n
110,4,33,n
110,4,34,n
110,4,45,n
110,4,9,n
110,5,16,n
110,5,17,n
110,5,2,n
110,5,23,n
110,5,48,n
110,5,6,n
110,6,18,n
110,6,22,n
110,6,26,n
110,6,30,n
110,6,35,n
110,6,40,n
110,6,44,n
110,6,45,n
110,6,8,n
110,7,0,n
110,7,13,n
110,7,16,n
110,7,19,n
110,7,20,n
110,7,33,n
110,7,35,n
110,7,44,n
110,7,45,n
110,7,5,n
110,8,2,n
110,8,24,n
110,8,31,n
110,8,37,n
110,8,38,n
110,8,42,n
110,8,43,n
110,8,47,n
110,8,6,n
110,8,9,n
110,9,18,n
110,9,21,n
110,9,24,n
110,9,27,n
110,9,3,n
110,9,31,n
110,9,32,n
110,9,35,n
110,9,40,n
110,9,41,n
110,9,45,n
110,9,49,n
111,0,0,o
111,0,10,o
111,0,11,o
111,0,14,o
111,0,2,o
111,0,23,o
111,0,3,o
111,0,34,o
111,0,36,o
111,0,40,o
111,0,41,o
111,0,43,o
111,0,44,o
111,0,45,o
111,0,8,o
111,1,0,o
111,1,12,o
111,1,15,o
111,1,18,o
111,1,20,o
111,1,25,o
111,1,3,o
111,1,34,o
111,1,38,o
111,1,39,o
111,1,4,o
111,1,41,o
111,1,48,o
111,1,7,o
111,1,8,o
111,2,15,o
111,2,22,o
111,2,25,o
111,2,30,o
111,2,39,o
111,2,40,o
111,2,42,o
111,2,48,o
111,3,13,o
111,3,16,o
111,3,19,o
111,3,3,o
111,3,31,o
111,3,36,o
111,3,40,o
111,3,49,o
111,3,6,o
111,3,7,o
111,3,8,o
111,4,14,o
111,4,18,o
111,4,26,o
111,4,46,o
111,4,48,o
111,4,49,o
111,4,5,o
111,5,24,o
111,5,3,o
111,5,31,o
111,5,34,o
111,5,35,o
111,5,42,o
111,5,48,o
111,6,17,o
111,6,19,o
111,6,23,o
111,6,35,o
111,6,39,o
111,6,41,o
111,6,42,o
111,6,8,o
111,7,10,o
111,7,15,o
111,7,16,o
111,7,22,o
111,7,24,o
111,7,30,o
111,7,41,o
111,7,43,o
111,7,44,o
111,7,8,o
111,8,11,o
111,8,13,o
111,8,16,o
111,8,17,o
111,8,19,o
111,8,22,o
111,8,23,o
111,8,27,o
111,8,28,o
111,8,31,o
111,8,36,o
111,8,41,o
111,8,43,o
111,9,17,o
111,9,18,o
111,9,19,o
111,9,41,o
111,9,44,o
111,9,5,o
112,0,12,p
112,0,13,p
112,0,21,p
112,0,23,p
112,0,32,p
112,0,33,p
112,0,34,p
112,0,35,p
112,0,38,p
112,0,44,p
112,0,45,p
112,0,6,p
112,0,7,p
112,1,14,p
112,1,16,p
112,1,18,p
112,1,19,p
112,1,27,p
112,1,3,p
112,1,32,p
112,1,45,p
112,1,9,p
112,2,10,p
112,2,15,p
112,2,18,p
112,2,19,p
112,2,29,p
112,2,35,p
112,2,36,p
112,2,42,p
112,2,9,p
112,3,12,p
112,3,15,p
112,3,20,p
112,3,22,p
112,3,25,p
112,3,27,p
112,3,28,p
112,3,29,p
112,3,33,p
112,3,34,p
112,3,37,p
112,3,38,p
112,3,39,p
112,3,4,p
112,3,45,p
112,4,0,p
112,4,11,p
112,4,13,p
112,4,17,p
112,4,28,p
112,4,30,p
112,4,32,p
112,4,44,p
112,4,45,p
112,4,6,p
112,4,7,p
112,5,10,p
112,5,12,p
112,5,24,p
112,5,27,p
112,5,30,p
112,5,32,p
112,5,37,p
112,5,40,p
112,5,41,p
112,5,5,p
112,6,0,p
112,6,21,p
112,6,22,p
112,6,31,p
112,6,38,p
112,6,39,p
112,6,40,p
112,6,41,p
112,6,43,p
112,6,48,p
112,6,8,p
112,7,1,p
112,7,10,p
112,7,14,p
112,7,16,p
112,7,17,p
112,7,18,p
112,7,2,p
112,7,20,p
112,7,31,p
112,7,5,p
112,7,9,p
112,8,2,p
112,8,20,p
112,8,41,p
112,8,46,p
112,8,47,p
112,9,20,p
112,9,28,p
112,9,43,p
112,9,44,p
112,9,46,p
112,9,48,p
113,0,0,q
113,0,11,q
113,0,17,q
113,0,23,q
113,0,26,q
113,0,28,q
113,0,3,q
113,0,32,q
113,0,4,q
113,0,40,q
113,0,42,q
113,0,47,q
113,0,7,q
113,1,0,q
113,1,1,q
113,1,10,q
113,1,19,q
113,1,2,q
113,1,3,q
113,1,35,q
113,1,36,q
113,1,43,q
113,1,5,q
113,2,15,q
113,2,19,q
113,2,24,q
113,2,28,q
113,2,32,q
113,2,36,q
113,2,4,q
113,2,40,q
113,2,41,q
113,2,44,q
113,2,48,q
113,2,49,q
113,2,6,q
113,2,8,q
113,3,20,q
113,3,25,q
113,3,28,q
113,3,29,q
113,3,36,q
113,3,41,q
113,3,43,q
113,3,9,q
113,4,11,q
113,4,15,q
113,4,17,q
113,4,24,q
113,4,34,q
113,4,43,q
113,4,47,q
113,4,5,q
113,4,6,q
113,4,8,q
113,4,9,q
113,5,18,q
113,5,25,q
113,5,28,q
113,5,32,q
113,5,35,q
113,5,46,q
113,5,6,q
113,6,17,q
113,6,29,q
113,6,30,q
113,6,31,q
113,6,35,q
113,6,42,q
113,6,47,q
113,6,5,q
113,6,6,q
113,6,8,q
113,7,1,q
113,7,19,q
113,7,20,q
113,7,21,q
113,7,3,q
113,7,37,q
113,7,38,q
113,7,44,q
113,7,46,q
113,7,6,q
113,7,9,q
113,8,13,q
113,8,14,q
113,8,16,q
113,8,22,q
113,8,27,q
113,8,39,q
113,8,4,q
113,8,44,q
113,8,6,q
113,8,7,q
113,9,10,q
113,9,2,q
113,9,29,q
113,9,38,q
113,9,45,q
113,9,5,q
114,0,0,r
114,0,15,r
114,0,28,r
114,0,30,r
114,0,41,r
114,0,49,r
114,0,6,r
114,1,0,r
114,1,11,r
114,1,16,r
114,1,28,r
114,1,3,r
114,1,30,r
114,1,32,r
114,1,41,r
114,1,43,r
114,1,44,r
114,1,46,r
114,1,8,r
114,2,19,r
114,2,20,r
114,2,25,r
114,2,29,r
114,2,31,r
114,2,36,r
114,2,39,r
114,2,41,r
114,3,13,r
114,3,18,r
114,3,20,r
114,3,28,r
114,3,34,r
114,3,37,r
114,3,4,r
114,3,40,r
114,3,43,r
114,4,0,r
114,4,19,r
114,4,20,r
114,4,22,r
114,4,23,r
114,4,27,r
114,4,4,r
114,4,40,r
114,4,47,r
114,4,5,r
114,5,0,r
114,5,13,r
114,5,15,r
114,5,16,r
114,5,2,r
114,5,25,r
114,5,26,r
114,5,30,r
114,5,31,r
114,5,35,r
114,5,37,r
114,5,4,r
114,5,40,r
114,5,43,r
114,5,45,r
114,5,6,r
114,6,0,r
114,6,14,r
114,6,18,r
114,6,21,r
114,6,27,r
114,6,33,r
114,6,36,r
114,6,4,r
114,6,46,r
114,6,47,r
114,6,48,r
114,6,6,r
114,7,10,r
114,7,13,r
114,7,17,r
114,7,22,r
114,7,28,r
114,7,29,r
114,7,36,r
114,7,38,r
114,7,43,r
114,7,5,r
114,7,8,r
114,8,19,r
114,8,23,r
114,8,27,r
114,8,3,r
114,8,39,r
114,8,42,r
114,8,44,r
114,8,48,r
114,9,1,r
114,9,20,r
114,9,30,r
114,9,33,r
114,9,34,r
114,9,46,r
114,9,5,r
115,0,1,s
115,0,15,s
115,0,20,s
115,0,29,s
115,0,3,s
115,0,33,s
115,0,35,s
115,0,41,s
115,0,49,s
115,0,7,s
115,1,11,s
115,1,13,s
115,1,16,s
115,1,18,s
115,1,21,s
115,1,22,s
115,1,31,s
115,1,33,s
115,1,41,s
115,1,42,s
115,1,43,s
115,1,44,s
115,2,0,s
115,2,1,s
115,2,26,s
115,2,27,s
115,2,31,s
115,2,36,s
115,2,37,s
115,2,41,s
115,2,46,s
115,2,48,s
115,2,7,s
115,3,12,s
115,3,21,s
115,3,22,s
115,3,3,s
115,3,31,s
115,3,36,s
115,3,37,s
115,3,39,s
115,3,48,s
115,3,49,s
115,4,14,s
115,4,17,s
115,4,20,s
115,4,22,s
115,4,24,s
115,4,25,s
115,4,38,s
115,4,46,s
115,5,0,s
115,5,13,s
115,5,18,s
115,5,27,s
115,5,41,s
115,5,43,s
115,5,47,s
115,5,6,s
115,6,13,s
115,6,15,s
115,6,18,s
115,6,20,s
115,6,3,s
115,6,33,s
115,6,4,s
115,6,43,s
115,6,5,s
115,7,10,s
115,7,11,s
115,7,27,s
115,7,30,s
115,7,31,s
115,7,33,s
115,7,37,s
115,7,39,s
115,7,45,s
115,8,10,s
115,8,16,s
115,8,19,s
115,8,2,s
115,8,22,s
115,8,26,s
115,8,27,s
115,8,31,s
115,8,5,s
115,9,1,s
115,9,11,s
115,9,16,s
115,9,19,s
115,9,23,s
115,9,24,s
115,9,26,s
115,9,3,s
115,9,35,s
115,9,4,s
115,9,41,s
115,9,43,s
115,9,7,s
115,9,8,s
116,0,25,t
116,0,32,t
116,0,37,t
116,0,40,t
116,0,44,t
116,0,45,t
116,0,47,t
116,0,48,t
116,0,6,t
116,0,9,t
116,1,10,t
116,1,15,t
116,1,23,t
116,1,25,t
116,1,29,t
116,1,30,t
116,1,36,t
116,1,37,t
116,1,39,t
116,1,46,t
116,1,5,t
116,1,9,t
116,2,10,t
116,2,11,t
116,2,21,t
116,2,27,t
116,2,29,t
116,2,38,t
116,2,39,t
116,2,42,t
116,2,47,t
116,2,48,t
116,3,0,t
116,3,15,t
116,3,17,t
116,3,29,t
116,3,3,t
116,3,38,t
116,3,39,t
116,3,4,t
116,3,42,t
116,4,1,t
116,4,11,t
116,4,17,t
116,4,22,t
116,4,29,t
116,4,33,t
116,4,47,t
116,5,17,t
116,5,18,t
116,5,22,t
116,5,24,t
116,5,26,t
116,5,28,t
116,5,31,t
116,5,32,t
116,5,4,t
116,6,1,t
116,6,10,t
116,6,11,t
116,6,12,t
116,6,17,t
116,6,18,t
116,6,23,t
116,6,24,t
116,6,32,t
116,6,37,t
116,6,42,t
116,6,46,t
116,6,8,t
116,6,9,t
116,7,10,t
116,7,13,t
116,7,14,t
116,7,26,t
116,7,27,t
116,7,30,t
116,7,33,t
116,7,35,t
116,7,37,t
116,7,41,t
116,7,47,t
116,7,9,t
116,8,11,t
116,8,24,t
116,8,26,t
116,8,40,t
116,8,42,t
116,8,44,t
116,8,46,t
116,8,6,t
116,9,24,t
116,9,25,t
116,9,30,t
116,9,33,t
116,9,39,t
116,9,41,t
116,9,42,t
116,9,46,t
116,9,8,t
117,0,0,u
117,0,26,u
117,0,28,u
117,0,3,u
117,0,30,u
117,0,35,u
117,0,37,u
117,0,39,u
117,0,43,u
117,0,44,u
117,0,46,u
117,0,48,u
117,0,9,u
117,1,12,u
117,1,19,u
117,1,2,u
117,1,26,u
117,1,31,u
117,1,42,u
117,1,45,u
117,1,47,u
117,2,0,u
117,2,11,u
117,2,12,u
117,2,13,u
117,2,16,u
117,2,17,u
117,2,19,u
117,2,2,u
117,2,22,u
117,2,23,u
117,2,24,u
117,2,25,u
117,2,26,u
117,2,28,u
117,2,30,u
117,2,31,u
117,2,32,u
117,2,35,u
117,2,49,u
117,3,1,u
117,3,12,u
117,3,20,u
117,3,23,u
117,3,26,u
117,3,28,u
117,3,37,u
117,3,4,u
117,3,41,u
117,3,46,u
117,3,49,u
117,3,5,u
117,4,16,u
117,4,19,u
117,4,20,u
117,4,23,u
117,4,24,u
117,4,35,u
117,4,36,u
117,4,4,u
117,4,40,u
117,4,48,u
117,5,10,u
117,5,19,u
117,5,22,u
117,5,28,u
117,5,49,u
117,6,1,u
117,6,10,u
117,6,14,u
117,6,17,u
117,6,27,u
117,6,28,u
117,6,39,u
117,6,42,u
117,6,46,u
117,6,5,u
117,6,7,u
117,7,18,u
117,7,22,u
117,7,24,u
117,7,40,u
117,7,41,u
117,7,9,u
117,8,0,u
117,8,19,u
117,8,25,u
117,8,29,u
117,8,39,u
117,8,7,u
117,8,8,u
117,9,0,u
117,9,10,u
117,9,11,u
117,9,23,u
117,9,25,u
117,9,27,u
117,9,30,u
117,9,44,u
117,9,7,u
118,0,15,v
118,0,20,v
118,0,34,v
118,0,41,v
118,0,42,v
118,0,44,v
118,0,46,v
118,0,7,v
118,1,12,v
118,1,20,v
118,1,23,v
118,1,27,v
118,1,29,v
118,1,34,v
118,1,36,v
118,1,37,v
118,1,39,v
118,1,4,v
118,2,16,v
118,2,22,v
118,2,25,v
118,2,28,v
118,2,3,v
118,2,37,v
118,2,46,v
118,2,48,v
118,2,49,v
118,2,5,v
118,3,11,v
118,3,13,v
118,3,16,v
118,3,2,v
118,3,20,v
118,3,29,v
118,3,3,v
118,3,34,v
118,3,36,v
118,3,39,v
118,3,40,v
118,3,46,v
118,3,49,v
118,4,17,v
118,4,2,v
118,4,23,v
118,4,26,v
118,4,3,v
118,4,34,v
118,4,40,v
118,4,47,v
118,5,1,v
118,5,10,v
118,5,17,v
118,5,24,v
118,5,35,v
118,5,38,v
118,5,41,v
118,5,48,v
118,5,49,v
118,5,5,v
118,5,7,v
118,6,10,v
118,6,12,v
118,6,15,v
118,6,18,v
118,6,20,v
118,6,25,v
118,6,36,v
118,6,46,v
118,6,6,v
118,7,12,v
118,7,26,v
118,7,27,v
118,7,29,v
118,7,30,v
118,7,33,v
118,7,39,v
118,7,5,v
118,8,1,v
118,8,13,v
118,8,2,v
118,8,23,v
118,8,27,v
118,8,41,v
118,8,45,v
118,8,47,v
118,9,10,v
118,9,14,v
118,9,19,v
118,9,27,v
118,9,29,v
118,9,3,v
118,9,33,v
118,9,41,v
118,9,42,v
118,9,44,v
118,9,45,v
118,9,46,v
118,9,48,v
118,9,49,v
118,9,7,v
119,0,0,w
119,0,13,w
119,0,15,w
119,0,18,w
119,0,19,w
119,0,2,w
119,0,21,w
119,0,28,w
119,0,37,w
119,0,40,w
119,0,43,w
119,0,5,w
119,1,19,w
119,1,2,w
119,1,29,w
119,1,31,w
119,1,33,w
119,1,8,w
119,2,15,w
119,2,31,w
119,2,35,w
119,2,42,w
119,2,43,w
119,2,47,w
119,2,6,w
119,3,11,w
119,3,14,w
119,3,17,w
119,3,19,w
119,3,22,w
119,3,28,w
119,3,29,w
119,3,32,w
119,3,38,w
119,3,39,w
119,3,4,w
119,3,46,w
119,3,47,w
119,3,49,w
119,3,6,w
119,3,8,w
119,4,0,w
119,4,17,w
119,4,19,w
119,4,22,w
119,4,3,w
119,4,30,w
119,4,33,w
119,4,43,w
119,4,44,w
119,4,47,w
119,4,48,w
119,4,5,w
119,4,8,w
119,5,12,w
119,5,13,w
119,5,17,w
119,5,20,w
119,5,24,w
119,5,25,w
119,5,27,w
119,5,28,w
119,5,3,w
119,5,30,w
119,5,5,w
119,5,6,w
119,5,7,w
119,5,9,w
119,6,11,w
119,6,15,w
119,6,23,w
119,6,41,w
119,6,44,w
119,6,45,w
119,6,47,w
119,6,7,w
119,6,8,w
119,7,11,w
119,7,24,w
119,7,25,w
119,7,28,w
119,7,3,w
119,7,35,w
119,7,40,w
119,7,45,w
119,7,49,w
119,7,7,w
119,7,9,w
119,8,17,w
119,8,19,w
119,8,2,w
119,8,34,w
119,8,36,w
119,8,49,w
119,8,6,w
119,9,10,w
119,9,2,w
119,9,22,w
119,9,34,w
119,9,8,w
120,0,13,x
120,0,14,x
120,0,19,x
120,0,25,x
120,0,26,x
120,0,35,x
120,0,38,x
120,0,5,x
120,0,8,x
120,1,0,x
120,1,11,x
120,1,12,x
120,1,21,x
120,1,24,x
120,1,27,x
120,1,3,x
120,1,38,x
120,1,4,x
120,1,41,x
120,1,43,x
120,1,9,x
120,2,12,x
120,2,32,x
120,2,34,x
120,2,38,x
120,2,45,x
120,3,12,x
120,3,19,x
120,3,2,x
120,3,22,x
120,3,25,x
120,3,26,x
120,3,32,x
120,3,38,x
120,3,46,x
120,3,9,x
120,4,1,x
120,4,10,x
120,4,14,x
120,4,15,x
120,4,16,x
120,4,22,x
120,4,28,x
120,4,31,x
120,4,38,x
120,4,4,x
120,4,42,x
120,4,44,x
120,4,46,x
120,5,15,x
120,5,17,x
120,5,18,x
120,5,20,x
120,5,23,x
120,5,29,x
120,5,32,x
120,5,34,x
120,5,4,x
120,5,41,x
120,5,46,x
120,5,47,x
120,5,7,x
120,6,10,x
120,6,18,x
120,6,25,x
120,6,37,x
120,6,45,x
120,6,48,x
120,6,49,x
120,6,9,x
120,7,1,x
120,7,18,x
120,7,22,x
120,7,26,x
120,7,36,x
120,7,37,x
120,7,40,x
120,7,43,x
120,8,13,x
120,8,17,x
120,8,23,x
120,8,25,x
120,8,26,x
120,8,44,x
120,8,47,x
120,8,49,x
120,8,8,x
120,9,11,x
120,9,12,x
120,9,13,x
120,9,21,x
120,9,22,x
120,9,25,x
120,9,37,x
120,9,41,x
120,9,45,x
120,9,47,x
120,9,48,x
120,9,5,x
120,9,6,x
121,0,11,y
121,0,13,y
121,0,16,y
121,0,18,y
121,0,19,y
121,0,20,y
121,0,21,y
121,0,22,y
121,0,25,y
121,0,29,y
121,0,30,y
121,0,4,y
121,0,9,y
121,1,15,y
121,1,18,y
121,1,19,y
121,1,35,y
121,1,36,y
121,1,4,y
121,1,42,y
121,1,43,y
121,1,49,y
121,1,5,y
121,1,6,y
121,1,9,y
121,2,1,y
121,2,12,y
121,2,16,y
121,2,18,y
121,2,21,y
121,2,25,y
121,2,34,y
121,2,37,y
121,2,41,y
121,2,48,y
121,2,6,y
121,2,8,y
121,3,10,y
121,3,14,y
121,3,22,y
121,3,28,y
121,3,30,y
121,3,36,y
121,3,45,y
121,3,47,y
121,3,8,y
121,4,0,y
121,4,10,y
121,4,11,y
121,4,2,y
121,4,23,y
121,4,28,y
121,4,29,y
121,4,3,y
121,4,30,y
121,4,31,y
121,4,33,y
121,4,34,y
121,4,35,y
121,4,37,y
121,4,38,y
121,5,16,y
121,5,19,y
121,5,25,y
121,5,35,y
121,5,39,y
121,5,6,y
121,5,7,y
121,5,8,y
121,6,21,y
121,6,23,y
121,6,24,y
121,6,25,y
121,6,29,y
121,6,3,y
121,6,46,y
121,7,11,y
121,7,21,y
121,7,35,y
121,7,42,y
121,7,47,y
121,7,48,y
121,7,9,y
121,8,0,y
121,8,12,y
121,8,19,y
121,8,23,y
121,8,33,y
121,8,34,y
121,8,37,y
121,8,42,y
121,8,44,y
121,8,47,y
121,9,1,y
121,9,11,y
121,9,2,y
121,9,25,y
121,9,28,y
121,9,33,y
121,9,8,y
122,0,11,z
122,0,12,z
122,0,13,z
122,0,2,z
122,0,22,z
122,0,24,z
122,0,25,z
122,0,38,z
122,0,40,z
122,0,44,z
122,1,0,z
122,1,15,z
122,1,16,z
122,1,17,z
122,1,19,z
122,1,22,z
122,1,35,z
122,1,38,z
122,1,4,z
122,1,43,z
122,1,47,z
122,1,5,z
122,1,6,z
122,2,10,z
122,2,17,z
122,2,23,z
122,2,32,z
122,2,36,z
122,2,4,z
122,2,45,z
122,2,5,z
122,2,9,z
122,3,10,z
122,3,26,z
122,3,32,z
122,3,33,z
122,3,41,z
122,3,47,z
122,3,48,z
122,4,12,z
122,4,20,z
122,4,22,z
122,4,25,z
122,4,33,z
122,4,34,z
122,4,36,z
122,4,40,z
122,4,45,z
122,4,47,z
122,4,48,z
122,4,6,z
122,4,9,z
122,5,11,z
122,5,16,z
122,5,25,z
122,5,28,z
122,5,31,z
122,5,39,z
122,5,43,z
122,5,46,z
122,6,19,z
122,6,2,z
122,6,20,z
122,6,26,z
122,6,34,z
122,6,38,z
122,6,41,z
122,6,45,z
122,6,48,z
122,7,11,z
122,7,21,z
122,7,25,z
122,7,32,z
122,7,34,z
122,7,4,z
122,7,40,z
122,7,45,z
122,7,46,z
122,7,5,z
122,7,9,z
122,8,10,z
122,8,24,z
122,8,30,z
122,8,32,z
122,8,35,z
122,8,38,z
122,8,39,z
122,8,4,z
122,8,43,z
122,8,45,z
122,8,49,z
122,8,9,z
122,9,12,z
122,9,13,z
122,9,16,z
122,9,17,z
122,9,32,z
122,9,42,z
122,9,46,z
122,9,48,z
40,0,0,(
40,0,1,(
40,0,17,(
40,0,22,(
40,0,23,(
40,0,26,(
40,0,34,(
40,0,39,(
40,0,41,(
40,0,47,(
40,0,48,(
40,0,49,(
40,1,25,(
40,1,29,(
40,1,35,(
40,1,36,(
40,1,37,(
40,2,12,(
40,2,14,(
40,2,19,(
40,2,3,(
40,2,35,(
40,2,41,(
40,2,45,(
40,2,46,(
40,2,49,(
40,3,14,(
40,3,25,(
40,3,27,(
40,3,28,(
40,3,29,(
40,3,32,(
40,3,33,(
40,3,41,(
40,3,42,(
40,3,43,(
40,3,9,(
40,4,0,(
40,4,16,(
40,4,19,(
40,4,20,(
40,4,24,(
40,4,26,(
40,4,3,(
40,4,34,(
40,4,38,(
40,4,40,(
40,4,6,(
40,4,7,(
40,4,9,(
40,5,10,(
40,5,11,(
40,5,13,(
40,5,18,(
40,5,21,(
40,5,27,(
40,5,32,(
40,5,33,(
40,5,35,(
40,5,40,(
40,5,42,(
40,5,45,(
40,5,47,(
40,6,14,(
40,6,15,(
40,6,2,(
40,6,30,(
40,6,31,(
40,6,33,(
40,6,34,(
40,6,41,(
40,6,43,(
40,7,0,(
40,7,10,(
40,7,11,(
40,7,29,(
40,7,31,(
40,7,38,(
40,7,40,(
40,7,45,(
40,7,8,(
40,8,0,(
40,8,10,(
40,8,14,(
40,8,15,(
40,8,18,(
40,8,2,(
40,8,20,(
40,8,21,(
40,8,36,(
40,8,38,(
40,8,47,(
40,8,7,(
40,9,0,(
40,9,17,(
40,9,18,(
40,9,19,(
40,9,23,(
40,9,38,(
40,9,7,(
41,0,0,)
41,0,1,)
41,0,13,)
41,0,14,)
41,0,16,)
41,0,18,)
41,0,19,)
41,0,21,)
41,0,26,)
41,0,29,)
41,0,44,)
41,0,46,)
41,0,47,)
41,0,49,)
41,0,9,)
41,1,13,)
41,1,14,)
41,1,15,)
41,1,21,)
41,1,29,)
41,1,31,)
41,2,17,)
41,2,2,)
41,2,24,)
41,2,28,)
41,2,30,)
41,2,31,)
41,2,32,)
41,2,35,)
41,2,40,)
41,2,42,)
41,2,48,)
41,3,1,)
41,3,26,)
41,3,27,)
41,3,28,)
41,3,3,)
41,3,30,)
41,3,41,)
41,3,42,)
41,3,46,)
41,3,49,)
41,4,10,)
41,4,14,)
41,4,2,)
41,4,26,)
41,4,31,)
41,4,33,)
41,4,38,)
41,5,1,)
41,5,10,)
41,5,11,)
41,5,12,)
41,5,23,)
41,5,26,)
41,5,27,)
41,5,31,)
41,5,35,)
41,5,6,)
41,5,9,)
41,6,1,)
41,6,11,)
41,6,16,)
41,6,19,)
41,6,21,)
41,6,22,)
41,6,24,)
41,6,26,)
41,6,28,)
41,6,29,)
41,6,38,)
41,6,39,)
41,6,4,)
41,6,6,)
41,7,15,)
41,7,19,)
41,7,2,)
41,7,20,)
41,7,28,)
41,7,49,)
41,7,7,)
41,8,15,)
41,8,24,)
41,8,28,)
41,8,3,)
41,8,31,)
41,8,4,)
41,8,43,)
41,8,47,)
41,8,5,)
41,8,7,)
41,9,11,)
41,9,12,)
41,9,13,)
41,9,2,)
41,9,23,)
41,9,30,)
41,9,33,)
41,9,40,)
41,9,6,)
43,0,12,+
43,0,18,+
43,0,25,+
43,0,3,+
43,0,30,+
43,0,36,+
43,0,38,+
43,0,41,+
43,1,10,+
43,1,11,+
43,1,12,+
43,1,21,+
43,1,29,+
43,1,32,+
43,1,34,+
43,2,1,+
43,2,13,+
43,2,18,+
43,2,2,+
43,2,23,+
43,2,28,+
43,2,3,+
43,2,32,+
43,2,34,+
43,2,35,+
43,2,38,+
43,2,40,+
43,2,42,+
43,2,47,+
43,2,9,+
43,3,1,+
43,3,15,+
43,3,2,+
43,3,22,+
43,3,3,+
43,3,34,+
43,3,35,+
43,3,37,+
43,3,40,+
43,3,49,+
43,3,7,+
43,4,0,+
43,4,13,+
43,4,15,+
43,4,16,+
43,4,2,+
43,4,20,+
43,4,24,+
43,4,26,+
43,4,28,+
43,4,39,+
43,4,43,+
43,4,46,+
43,4,7,+
43,5,15,+
43,5,22,+
43,5,24,+
43,5,25,+
43,5,3,+
43,5,37,+
43,5,42,+
43,5,49,+
43,5,5,+
43,5,7,+
43,5,8,+
43,6,14,+
43,6,16,+
43,6,19,+
43,6,25,+
43,6,29,+
43,6,31,+
43,6,4,+
43,6,47,+
43,6,48,+
43,6,49,+
43,6,8,+
43,7,0,+
43,7,12,+
43,7,28,+
43,7,33,+
43,7,37,+
43,7,41,+
43,7,42,+
43,7,44,+
43,8,21,+
43,8,23,+
43,8,31,+
43,8,32,+
43,8,43,+
43,8,49,+
43,8,7,+
43,9,0,+
43,9,12,+
43,9,14,+
43,9,20,+
43,9,21,+
43,9,42,+
43,9,44,+
43,9,5,+
43,9,8,+
45,0,1,-
45,0,12,-
45,0,15,-
45,0,25,-
45,0,30,-
45,0,40,-
45,0,41,-
45,0,47,-
45,0,5,-
45,1,1,-
45,1,31,-
45,1,33,-
45,1,34,-
45,1,36,-
45,1,38,-
45,1,41,-
45,1,42,-
45,1,44,-
45,1,45,-
45,1,9,-
45,2,1,-
45,2,14,-
45,2,19,-
45,2,21,-
45,2,24,-
45,2,35,-
45,2,39,-
45,2,41,-
45,2,6,-
45,3,18,-
45,3,22,-
45,3,23,-
45,3,25,-
45,3,35,-
45,3,47,-
45,3,49,-
45,4,10,-
45,4,18,-
45,4,20,-
45,4,23,-
45,4,24,-
45,4,28,-
45,4,32,-
45,4,34,-
45,4,38,-
45,4,45,-
45,4,49,-
45,5,1,-
45,5,18,-
45,5,2,-
45,5,20,-
45,5,21,-
45,5,26,-
45,5,27,-
45,5,3,-
45,5,32,-
45,5,35,-
45,5,38,-
45,5,39,-
45,5,40,-
45,5,42,-
45,5,43,-
45,5,48,-
45,5,5,-
45,6,23,-
45,6,24,-
45,6,26,-
45,6,29,-
45,6,32,-
45,6,33,-
45,6,34,-
45,6,36,-
45,6,39,-
45,6,41,-
45,6,6,-
45,7,10,-
45,7,17,-
45,7,27,-
45,7,35,-
45,7,36,-
45,7,43,-
45,7,46,-
45,7,48,-
45,8,10,-
45,8,11,-
45,8,15,-
45,8,21,-
45,8,23,-
45,8,30,-
45,8,41,-
45,8,47,-
45,8,6,-
45,8,9,-
45,9,1,-
45,9,15,-
45,9,17,-
45,9,22,-
45,9,27,-
45,9,34,-
45,9,44,-
46,0,11,.
46,0,12,.
46,0,13,.
46,0,16,.
46,0,20,.
46,0,23,.
46,0,26,.
46,0,28,.
46,0,31,.
46,0,34,.
46,0,35,.
46,0,4,.
46,0,42,.
46,0,43,.
46,0,46,.
46,0,48,.
46,1,0,.
46,1,17,.
46,1,20,.
46,1,21,.
46,1,24,.
46,1,26,.
46,1,33,.
46,1,43,.
46,1,48,.
46,1,6,.
46,1,9,.
46,2,13,.
46,2,14,.
46,2,21,.
46,2,22,.
46,2,24,.
46,2,27,.
46,2,3,.
46,2,37,.
46,2,40,.
46,2,47,.
46,3,16,.
46,3,20,.
46,3,26,.
46,3,3,.
46,3,35,.
46,3,44,.
46,3,7,.
46,4,16,.
46,4,2,.
46,4,25,.
46,4,3,.
46,4,31,.
46,4,32,.
46,4,34,.
46,4,4,.
46,4,40,.
46,4,48,.
46,5,0,.
46,5,1,.
46,5,28,.
46,5,31,.
46,5,33,.
46,5,37,.
46,5,41,.
46,5,46,.
46,5,47,.
46,5,6,.
46,6,19,.
46,6,2,.
46,6,20,.
46,6,26,.
46,6,28,.
46,6,38,.
46,6,47,.
46,6,48,.
46,6,6,.
46,7,19,.
46,7,21,.
46,7,27,.
46,7,34,.
46,7,36,.
46,8,11,.
46,8,14,.
46,8,17,.
46,8,2,.
46,8,27,.
46,8,28,.
46,8,29,.
46,8,3,.
46,8,30,.
46,8,35,.
46,8,38,.
46,8,43,.
46,8,46,.
46,8,47,.
46,8,9,.
46,9,11,.
46,9,13,.
46,9,2,.
46,9,22,.
46,9,27,.
46,9,45,.
46,9,47,.
47,0,15,/
47,0,16,/
47,0,19,/
47,0,28,/
47,0,34,/
47,0,36,/
47,0,37,/
47,0,42,/
47,0,48,/
47,0,8,/
47,1,0,/
47,1,1,/
47,1,13,/
47,1,16,/
47,1,17,/
47,1,20,/
47,1,21,/
47,1,22,/
47,1,3,/
47,1,40,/
47,1,45,/
47,1,46,/
47,2,1,/
47,2,19,/
47,2,29,/
47,2,34,/
47,2,43,/
47,2,47,/
47,2,6,/
47,2,7,/
47,3,10,/
47,3,11,/
47,3,14,/
47,3,16,/
47,3,20,/
47,3,25,/
47,3,26,/
47,3,42,/
47,3,47,/
47,3,7,/
47,4,11,/
47,4,12,/
47,4,14,/
47,4,15,/
47,4,16,/
47,4,19,/
47,4,2,/
47,4,21,/
47,4,25,/
47,4,26,/
47,4,28,/
47,4,29,/
47,4,30,/
47,4,37,/
47,4,43,/
47,5,11,/
47,5,18,/
47,5,19,/
47,5,29,/
47,5,32,/
47,5,38,/
47,5,45,/
47,5,48,/
47,5,5,/
47,6,17,/
47,6,19,/
47,6,44,/
47,6,45,/
47,6,48,/
47,6,49,/
47,7,2,/
47,7,23,/
47,7,24,/
47,7,27,/
47,7,3,/
47,7,38,/
47,7,4,/
47,7,40,/
47,7,42,/
47,7,45,/
47,7,47,/
47,7,5,/
47,8,1,/
47,8,17,/
47,8,23,/
47,8,25,/
47,8,26,/
47,8,27,/
47,8,30,/
47,8,39,/
47,9,16,/
47,9,19,/
47,9,22,/
47,9,23,/
47,9,33,/
47,9,34,/
47,9,39,/
47,9,44,/
47,9,45,/
47,9,48,/
48,0,0,0
48,0,20,0
48,0,36,0
48,0,37,0
48,0,4,0
48,0,45,0
48,0,5,0
48,0,8,0
48,1,10,0
48,1,13,0
48,1,15,0
48,1,22,0
48,1,23,0
48,1,25,0
48,1,36,0
48,1,41,0
48,1,44,0
48,1,46,0
48,1,7,0
48,1,9,0
48,2,0,0
48,2,13,0
48,2,14,0
48,2,27,0
48,2,38,0
48,2,40,0
48,2,41,0
48,2,43,0
48,2,45,0
48,2,47,0
48,3,0,0
48,3,1,0
48,3,17,0
48,3,22,0
48,3,23,0
48,3,26,0
48,3,27,0
48,3,28,0
48,3,38,0
48,3,39,0
48,3,6,0
48,3,7,0
48,4,14,0
48,4,17,0
48,4,31,0
48,4,4,0
48,4,7,0
48,5,0,0
48,5,14,0
48,5,16,0
48,5,2,0
48,5,23,0
48,5,24,0
48,5,26,0
48,5,27,0
48,5,36,0
48,5,46,0
48,5,49,0
48,5,5,0
48,5,9,0
48,6,0,0
48,6,11,0
48,6,12,0
48,6,15,0
48,6,18,0
48,6,24,0
48,6,25,0
48,6,31,0
48,6,37,0
48,6,39,0
48,6,42,0
48,6,49,0
48,7,17,0
48,7,2,0
48,7,20,0
48,7,23,0
48,7,3,0
48,7,37,0
48,7,41,0
48,7,42,0
48,7,48,0
48,7,7,0
48,8,0,0
48,8,12,0
48,8,24,0
48,8,25,0
48,8,30,0
48,8,31,0
48,8,33,0
48,8,37,0
48,8,38,0
48,8,41,0
48,9,11,0
48,9,18,0
48,9,28,0
48,9,29,0
48,9,3,0
48,9,32,0
48,9,35,0
48,9,36,0
49,0,1,1
49,0,11,1
49,0,25,1
49,0,26,1
49,0,32,1
49,1,10,1
49,1,15,1
49,1,21,1
49,1,22,1
49,1,23,1
49,1,26,1
49,1,33,1
49,1,35,1
49,1,43,1
49,1,44,1
49,1,45,1
49,1,7,1
49,1,8,1
49,2,0,1
49,2,16,1
49,2,20,1
49,2,23,1
49,2,28,1
49,2,29,1
49,2,3,1
49,2,30,1
49,2,31,1
49,2,32,1
49,2,33,1
49,2,35,1
49,2,4,1
49,2,46,1
49,3,1,1
49,3,10,1
49,3,24,1
49,3,29,1
49,3,34,1
49,3,41,1
49,3,46,1
49,3,7,1
49,4,10,1
49,4,11,1
49,4,2,1
49,4,21,1
49,4,28,1
49,4,3,1
49,4,31,1
49,4,34,1
49,4,36,1
49,4,40,1
49,4,48,1
49,5,11,1
49,5,25,1
49,5,27,1
49,5,32,1
49,5,34,1
49,5,38,1
49,5,4,1
49,5,46,1
49,5,49,1
49,5,7,1
49,5,8,1
49,5,9,1
49,6,13,1
49,6,20,1
49,6,26,1
49,6,3,1
49,6,31,1
49,6,36,1
49,6,43,1
49,6,6,1
49,7,10,1
49,7,13,1
49,7,2,1
49,7,21,1
49,7,23,1
49,7,28,1
49,7,29,1
49,7,45,1
49,7,5,1
49,8,10,1
49,8,2,1
49,8,23,1
49,8,27,1
49,8,4,1
49,8,42,1
49,8,46,1
49,8,47,1
49,9,12,1
49,9,14,1
49,9,18,1
49,9,29,1
49,9,35,1
49,9,36,1
49,9,39,1
49,9,43,1
49,9,45,1
49,9,47,1
49,9,6,1
49,9,8,1
50,0,13,2
50,0,14,2
50,0,20,2
50,0,21,2
50,0,23,2
50,0,32,2
50,0,37,2
50,0,41,2
50,0,48,2
50,0,6,2
50,0,7,2
50,1,13,2
50,1,24,2
50,1,41,2
50,1,44,2
50,1,46,2
50,1,8,2
50,2,14,2
50,2,18,2
50,2,23,2
50,2,26,2
50,2,33,2
50,2,36,2
50,2,38,2
50,2,44,2
50,2,48,2
50,2,49,2
50,2,5,2
50,2,9,2
50,3,1,2
50,3,17,2
50,3,27,2
50,3,28,2
50,3,32,2
50,3,36,2
50,3,38,2
50,3,4,2
50,3,46,2
50,4,16,2
50,4,25,2
50,4,28,2
50,4,30,2
50,4,31,2
50,4,39,2
50,4,4,2
50,4,43,2
50,4,7,2
50,5,0,2
50,5,10,2
50,5,21,2
50,5,25,2
50,5,26,2
50,5,28,2
50,5,29,2
50,5,3,2
50,5,34,2
50,5,35,2
50,5,41,2
50,5,47,2
50,5,5,2
50,5,8,2
50,6,10,2
50,6,20,2
50,6,24,2
50,6,34,2
50,6,39,2
50,6,42,2
50,6,47,2
50,6,48,2
50,6,6,2
50,6,7,2
50,7,1,2
50,7,13,2
50,7,16,2
50,7,20,2
50,7,29,2
50,7,33,2
50,7,34,2
50,7,4,2
50,7,49,2
50,7,5,2
50,7,6,2
50,8,10,2
50,8,12,2
50,8,13,2
50,8,15,2
50,8,16,2
50,8,17,2
50,8,37,2
50,8,45,2
50,8,46,2
50,8,49,2
50,8,5,2
50,9,12,2
50,9,14,2
50,9,20,2
50,9,33,2
50,9,36,2
50,9,4,2
50,9,42,2
51,0,10,3
51,0,13,3
51,0,14,3
51,0,21,3
51,0,23,3
51,0,24,3
51,0,28,3
51,0,3,3
51,0,34,3
51,0,45,3
51,0,7,3
51,1,0,3
51,1,14,3
51,1,28,3
51,1,42,3
51,1,44,3
51,2,11,3
51,2,13,3
51,2,20,3
51,2,21,3
51,2,28,3
51,2,3,3
51,2,33,3
51,2,35,3
51,2,42,3
51,2,7,3
51,3,23,3
51,3,24,3
51,3,36,3
51,3,37,3
51,3,38,3
51,3,43,3
51,3,46,3
51,3,5,3
51,3,6,3
51,4,19,3
51,4,20,3
51,4,25,3
51,4,28,3
51,4,30,3
51,4,32,3
51,4,33,3
51,4,40,3
51,4,45,3
51,4,47,3
51,4,6,3
51,5,0,3
51,5,18,3
51,5,2,3
51,5,26,3
51,5,27,3
51,5,42,3
51,5,43,3
51,5,45,3
51,5,46,3
51,6,1,3
51,6,12,3
51,6,2,3
51,6,24,3
51,6,28,3
51,6,30,3
51,6,32,3
51,6,34,3
51,6,43,3
51,7,15,3
51,7,16,3
51,7,24,3
51,7,26,3
51,7,28,3
51,7,3,3
51,7,30,3
51,7,35,3
51,7,41,3
51,7,44,3
51,7,46,3
51,7,8,3
51,7,9,3
51,8,0,3
51,8,1,3
51,8,14,3
51,8,19,3
51,8,24,3
51,8,29,3
51,8,3,3
51,8,33,3
51,8,35,3
51,8,36,3
51,8,38,3
51,8,5,3
51,9,11,3
51,9,14,3
51,9,18,3
51,9,24,3
51,9,25,3
51,9,27,3
51,9,28,3
51,9,3,3
51,9,31,3
51,9,46,3
51,9,7,3
52,0,1,4
52,0,20,4
52,0,23,4
52,0,24,4
52,0,30,4
52,0,31,4
52,0,33,4
52,0,47,4
52,0,49,4
52,0,7,4
52,1,1,4
52,1,12,4
52,1,42,4
52,1,43,4
52,1,45,4
52,1,46,4
52,1,48,4
52,2,48,4
52,2,6,4
52,2,9,4
52,3,13,4
52,3,15,4
52,3,18,4
52,3,2,4
52,3,20,4
52,3,21,4
52,3,25,4
52,3,31,4
52,3,33,4
52,3,35,4
52,3,36,4
52,3,38,4
52,3,41,4
52,3,5,4
52,4,1,4
52,4,19,4
52,4,24,4
52,4,27,4
52,4,30,4
52,4,33,4
52,4,39,4
52,4,41,4
52,4,7,4
52,5,18,4
52,5,20,4
52,5,23,4
52,5,27,4
52,5,28,4
52,5,5,4
52,5,6,4
52,6,0,4
52,6,10,4
52,6,11,4
52,6,14,4
52,6,15,4
52,6,17,4
52,6,25,4
52,6,31,4
52,6,32,4
52,6,33,4
52,6,34,4
52,6,36,4
52,6,4,4
52,6,42,4
52,6,44,4
52,6,45,4
52,6,49,4
52,6,6,4
52,7,10,4
52,7,13,4
52,7,19,4
52,7,23,4
52,7,25,4
52,7,31,4
52,7,35,4
52,7,36,4
52,7,41,4
52,7,43,4
52,7,6,4
52,7,7,4
52,8,1,4
52,8,10,4
52,8,12,4
52,8,29,4
52,8,3,4
52,8,31,4
52,8,34,4
52,8,37,4
52,8,6,4
52,8,8,4
52,9,0,4
52,9,14,4
52,9,2,4
52,9,21,4
52,9,23,4
52,9,30,4
52,9,31,4
52,9,32,4
52,9,33,4
52,9,43,4
53,0,10,5
53,0,13,5
53,0,14,5
53,0,16,5
53,0,21,5
53,0,26,5
53,0,39,5
53,0,4,5
53,0,40,5
53,0,41,5
53,1,12,5
53,1,20,5
53,1,24,5
53,1,27,5
53,1,3,5
53,1,32,5
53,1,35,5
53,1,39,5
53,1,44,5
53,1,7,5
53,2,14,5
53,2,2,5
53,2,37,5
53,2,40,5
53,2,45,5
53,2,47,5
53,3,14,5
53,3,18,5
53,3,19,5
53,3,21,5
53,3,36,5
53,3,7,5
53,4,24,5
53,4,27,5
53,4,28,5
53,4,30,5
53,4,43,5
53,4,45,5
53,4,46,5
53,4,47,5
53,4,48,5
53,4,6,5
53,4,9,5
53,5,10,5
53,5,13,5
53,5,2,5
53,5,21,5
53,5,26,5
53,5,30,5
53,5,34,5
53,5,35,5
53,5,4,5
53,5,42,5
53,5,44,5
53,5,45,5
53,5,47,5
53,6,10,5
53,6,11,5
53,6,12,5
53,6,13,5
53,6,19,5
53,6,22,5
53,6,23,5
53,6,28,5
53,6,31,5
53,6,34,5
53,6,36,5
53,6,39,5
53,6,48,5
53,7,18,5
53,7,2,5
53,7,21,5
53,7,29,5
53,7,35,5
53,7,40,5
53,7,48,5
53,7,7,5
53,8,1,5
53,8,11,5
53,8,18,5
53,8,26,5
53,8,30,5
53,8,35,5
53,8,4,5
53,8,45,5
53,8,46,5
53,8,7,5
53,9,1,5
53,9,10,5
53,9,11,5
53,9,13,5
53,9,14,5
53,9,15,5
53,9,16,5
53,9,2,5
53,9,23,5
53,9,28,5
53,9,29,5
53,9,43,5
53,9,6,5
54,0,0,6
54,0,1,6
54,0,17,6
54,0,22,6
54,0,25,6
54,0,26,6
54,0,28,6
54,0,34,6
54,0,36,6
54,0,4,6
54,0,41,6
54,0,47,6
54,0,9,6
54,1,0,6
54,1,16,6
54,1,26,6
54,1,30,6
54,1,33,6
54,1,38,6
54,1,4,6
54,1,49,6
54,1,8,6
54,1,9,6
54,2,14,6
54,2,22,6
54,2,24,6
54,2,29,6
54,2,3,6
54,2,32,6
54,2,34,6
54,2,39,6
54,2,42,6
54,2,48,6
54,2,49,6
54,2,9,6
54,3,13,6
54,3,15,6
54,3,17,6
54,3,25,6
54,3,28,6
54,3,42,6
54,3,47,6
54,3,6,6
54,3,8,6
54,4,0,6
54,4,13,6
54,4,16,6
54,4,19,6
54,4,2,6
54,4,31,6
54,4,37,6
54,4,42,6
54,4,46,6
54,5,10,6
54,5,11,6
54,5,12,6
54,5,13,6
54,5,14,6
54,5,2,6
54,5,24,6
54,5,25,6
54,5,38,6
54,5,39,6
54,5,48,6
54,6,13,6
54,6,15,6
54,6,2,6
54,6,21,6
54,6,28,6
54,6,35,6
54,6,36,6
54,6,4,6
54,6,41,6
54,6,6,6
54,7,0,6
54,7,11,6
54,7,16,6
54,7,24,6
54,7,26,6
54,7,32,6
54,7,36,6
54,7,42,6
54,7,44,6
54,8,11,6
54,8,12,6
54,8,13,6
54,8,14,6
54,8,17,6
54,8,24,6
54,8,40,6
54,8,47,6
54,8,7,6
54,8,9,6
54,9,26,6
54,9,28,6
54,9,34,6
54,9,36,6
54,9,37,6
54,9,49,6
54,9,7,6
55,0,1,7
55,0,10,7
55,0,16,7
55,0,20,7
55,0,22,7
55,0,31,7
55,0,37,7
55,0,45,7
55,0,46,7
55,0,8,7
55,1,18,7
55,1,2,7
55,1,23,7
55,1,26,7
55,1,29,7
55,1,30,7
55,1,34,7
55,1,35,7
55,1,38,7
55,1,44,7
55,1,48,7
55,1,6,7
55,1,8,7
55,1,9,7
55,2,14,7
55,2,17,7
55,2,18,7
55,2,2,7
55,2,24,7
55,2,26,7
55,2,38,7
55,2,42,7
55,2,43,7
55,2,45,7
55,2,46,7
55,2,5,7
55,2,8,7
55,3,10,7
55,3,14,7
55,3,16,7
55,3,17,7
55,3,24,7
55,3,3,7
55,3,33,7
55,3,40,7
55,3,43,7
55,3,5,7
55,3,8,7
55,4,15,7
55,4,2,7
55,4,23,7
55,4,26,7
55,4,27,7
55,4,39,7
55,4,45,7
55,4,46,7
55,4,47,7
55,5,1,7
55,5,10,7
55,5,24,7
55,5,30,7
55,5,37,7
55,6,10,7
55,6,25,7
55,6,29,7
55,6,31,7
55,6,33,7
55,6,39,7
55,6,48,7
55,7,10,7
55,7,12,7
55,7,22,7
55,7,29,7
55,7,3,7
55,7,39,7
55,7,44,7
55,7,48,7
55,8,15,7
55,8,16,7
55,8,19,7
55,8,2,7
55,8,20,7
55,8,22,7
55,8,24,7
55,8,25,7
55,8,34,7
55,8,42,7
55,8,43,7
55,8,48,7
55,9,1,7
55,9,15,7
55,9,21,7
55,9,25,7
55,9,3,7
55,9,33,7
55,9,37,7
55,9,40,7
55,9,42,7
55,9,47,7
55,9,5,7
56,0,0,8
56,0,1,8
56,0,25,8
56,0,28,8
56,0,31,8
56,0,35,8
56,0,39,8
56,0,43,8
56,0,44,8
56,0,45,8
56,0,46,8
56,0,8,8
56,1,11,8
56,1,26,8
56,1,30,8
56,1,33,8
56,1,46,8
56,2,10,8
56,2,16,8
56,2,2,8
56,2,27,8
56,2,28,8
56,2,36,8
56,2,4,8
56,2,44,8
56,2,45,8
56,2,5,8
56,3,16,8
56,3,18,8
56,3,20,8
56,3,26,8
56,3,35,8
56,3,5,8
56,3,6,8
56,3,7,8
56,3,8,8
56,4,14,8
56,4,15,8
56,4,16,8
56,4,18,8
56,4,23,8
56,4,35,8
56,4,38,8
56,4,41,8
56,4,43,8
56,4,46,8
56,4,49,8
56,4,6,8
56,5,12,8
56,5,16,8
56,5,22,8
56,5,24,8
56,5,31,8
56,5,36,8
56,5,47,8
56,5,48,8
56,5,5,8
56,6,0,8
56,6,11,8
56,6,26,8
56,6,30,8
56,6,37,8
56,6,7,8
56,7,1,8
56,7,11,8
56,7,12,8
56,7,14,8
56,7,21,8
56,7,24,8
56,7,26,8
56,7,32,8
56,7,36,8
56,7,44,8
56,7,47,8
56,7,8,8
56,7,9,8
56,8,0,8
56,8,10,8
56,8,11,8
56,8,14,8
56,8,15,8
56,8,19,8
56,8,22,8
56,8,24,8
56,8,25,8
56,8,26,8
56,8,36,8
56,8,40,8
56,8,42,8
56,8,47,8
56,8,7,8
56,9,14,8
56,9,18,8
56,9,19,8
56,9,21,8
56,9,24,8
56,9,27,8
56,9,33,8
56,9,47,8
56,9,49,8
57,0,0,9
57,0,1,9
57,0,20,9
57,0,21,9
57,0,24,9
57,0,29,9
57,0,3,9
57,0,30,9
57,0,32,9
57,0,38,9
57,0,39,9
57,1,19,9
57,1,37,9
57,1,38,9
57,1,4,9
57,1,44,9
57,1,47,9
57,2,11,9
57,2,12,9
57,2,15,9
57,2,21,9
57,2,22,9
57,2,23,9
57,2,32,9
57,2,4,9
57,2,42,9
57,2,43,9
57,2,46,9
57,2,48,9
57,2,49,9
57,2,6,9
57,2,7,9
57,3,10,9
57,3,11,9
57,3,14,9
57,3,19,9
57,3,27,9
57,3,40,9
57,3,45,9
57,4,13,9
57,4,30,9
57,4,39,9
57,4,45,9
57,4,7,9
57,4,8,9
57,5,12,9
57,5,19,9
57,5,21,9
57,5,24,9
57,5,3,9
57,5,31,9
57,5,32,9
57,5,42,9
57,5,46,9
57,5,47,9
57,5,9,9
57,6,0,9
57,6,14,9
57,6,19,9
57,6,25,9
57,6,28,9
57,6,30,9
57,6,37,9
57,6,4,9
57,6,40,9
57,6,41,9
57,6,44,9
57,7,1,9
57,7,14,9
57,7,16,9
57,7,17,9
57,7,2,9
57,7,37,9
57,7,39,9
57,7,40,9
57,7,42,9
57,7,44,9
57,7,45,9
57,7,5,9
57,7,6,9
57,7,9,9
57,8,10,9
57,8,13,9
57,8,15,9
57,8,17,9
57,8,19,9
57,8,25,9
57,8,31,9
57,8,34,9
57,8,42,9
57,9,13,9
57,9,15,9
57,9,18,9
57,9,20,9
57,9,27,9
57,9,35,9
57,9,39,9
57,9,40,9
57,9,47,9
57,9,9,9
58,0,15,:
58,0,20,:
58,0,3,:
58,0,31,:
58,0,39,:
58,0,40,:
58,0,41,:
58,0,9,:
58,1,11,:
58,1,13,:
58,1,15,:
58,1,18,:
58,1,20,:
58,1,21,:
58,1,22,:
58,1,25,:
58,1,3,:
58,1,30,:
58,1,38,:
58,1,43,:
58,1,44,:
58,1,7,:
58,2,1,:
58,2,12,:
58,2,13,:
58,2,16,:
58,2,17,:
58,2,19,:
58,2,20,:
58,2,30,:
58,2,31,:
58,2,32,:
58,2,36,:
58,2,37,:
58,2,39,:
58,2,42,:
58,3,15,:
58,3,16,:
58,3,17,:
58,3,2,:
58,3,20,:
58,3,29,:
58,3,3,:
58,3,33,:
58,3,40,:
58,3,42,:
58,3,44,:
58,3,45,:
58,3,46,:
58,4,1,:
58,4,15,:
58,4,17,:
58,4,29,:
58,4,33,:
58,4,36,:
58,4,47,:
58,4,9,:
58,5,18,:
58,5,24,:
58,5,35,:
58,5,36,:
58,5,37,:
58,5,38,:
58,6,1,:
58,6,14,:
58,6,24,:
58,6,26,:
58,6,36,:
58,6,37,:
58,6,49,:
58,7,0,:
58,7,1,:
58,7,10,:
58,7,16,:
58,7,18,:
58,7,2,:
58,7,21,:
58,7,23,:
58,7,26,:
58,7,5,:
58,7,6,:
58,8,11,:
58,8,26,:
58,8,29,:
58,8,3,:
58,8,31,:
58,8,33,:
58,8,36,:
58,8,40,:
58,8,46,:
58,8,9,:
58,9,10,:
58,9,14,:
58,9,15,:
58,9,19,:
58,9,25,:
58,9,29,:
58,9,34,:
58,9,39,:
58,9,46,:
65,0,10,A
65,0,15,A
65,0,16,A
65,0,18,A
65,0,19,A
65,0,23,A
65,0,30,A
65,0,31,A
65,0,36,A
65,0,38,A
65,0,8,A
65,1,1,A
65,1,11,A
65,1,15,A
65,1,22,A
65,1,27,A
65,1,32,A
65,1,33,A
65,1,34,A
65,1,35,A
65,1,36,A
65,1,38,A
65,1,41,A
65,1,48,A
65,2,15,A
65,2,16,A
65,2,2,A
65,2,25,A
65,2,26,A
65,2,27,A
65,2,28,A
65,2,29,A
65,2,37,A
65,2,38,A
65,2,39,A
65,2,40,A
65,2,43,A
65,3,16,A
65,3,21,A
65,3,28,A
65,3,37,A
65,4,0,A
65,4,43,A
65,4,48,A
65,4,8,A
65,5,10,A
65,5,14,A
65,5,15,A
65,5,17,A
65,5,22,A
65,5,24,A
65,5,25,A
65,5,26,A
65,5,3,A
65,5,30,A
65,5,31,A
65,5,38,A
65,5,43,A
65,5,44,A
65,5,46,A
65,5,48,A
65,6,13,A
65,6,2,A
65,6,26,A
65,6,28,A
65,6,31,A
65,6,36,A
65,6,46,A
65,6,9,A
65,7,0,A
65,7,11,A
65,7,25,A
65,7,31,A
65,7,36,A
65,7,44,A
65,7,48,A
65,7,6,A
65,8,10,A
65,8,12,A
65,8,16,A
65,8,25,A
65,8,31,A
65,8,35,A
65,8,36,A
65,8,38,A
65,8,44,A
65,8,45,A
65,8,48,A
65,8,5,A
65,8,6,A
65,9,0,A
65,9,21,A
65,9,24,A
65,9,25,A
65,9,27,A
65,9,36,A
65,9,42,A
65,9,43,A
65,9,46,A
65,9,7,A
66,0,10,B
66,0,11,B
66,0,12,B
66,0,18,B
66,0,21,B
66,0,29,B
66,0,34,B
66,0,37,B
66,0,38,B
66,0,39,B
66,0,42,B
66,0,44,B
66,0,46,B
66,0,48,B
66,0,49,B
66,0,6,B
66,1,15,B
66,1,24,B
66,1,3,B
66,1,33,B
66,1,34,B
66,1,48,B
66,1,5,B
66,2,10,B
66,2,2,B
66,2,28,B
66,2,31,B
66,2,48,B
66,2,49,B
66,2,8,B
66,3,3,B
66,3,32,B
66,3,33,B
66,3,36,B
66,3,39,B
66,3,41,B
66,3,43,B
66,3,9,B
66,4,0,B
66,4,10,B
66,4,12,B
66,4,19,B
66,4,24,B
66,4,4,B
66,4,41,B
66,4,7,B
66,4,9,B
66,5,12,B
66,5,17,B
66,5,2,B
66,5,26,B
66,5,31,B
66,5,37,B
66,5,41,B
66,6,15,B
66,6,18,B
66,6,2,B
66,6,21,B
66,6,22,B
66,6,28,B
66,6,31,B
66,6,43,B
66,6,44,B
66,6,6,B
66,6,9,B
66,7,12,B
66,7,24,B
66,7,28,B
66,7,29,B
66,7,3,B
66,7,34,B
66,7,35,B
66,7,41,B
66,7,44,B
66,7,9,B
66,8,10,B
66,8,18,B
66,8,21,B
66,8,29,B
66,8,31,B
66,8,32,B
66,8,33,B
66,8,34,B
66,8,40,B
66,8,42,B
66,8,49,B
66,8,6,B
66,8,8,B
66,9,1,B
66,9,12,B
66,9,13,B
66,9,17,B
66,9,18,B
66,9,23,B
66,9,24,B
66,9,29,B
66,9,40,B
66,9,44,B
66,9,7,B
66,9,8,B
67,0,13,C
67,0,15,C
67,0,22,C
67,0,26,C
67,0,27,C
67,0,5,C
67,0,8,C
67,1,10,C
67,1,14,C
67,1,23,C
67,1,33,C
67,1,36,C
67,1,37,C
67,1,4,C
67,1,46,C
67,1,49,C
67,1,8,C
67,2,12,C
67,2,17,C
67,2,23,C
67,2,26,C
67,2,28,C
67,2,34,C
67,2,35,C
67,2,36,C
67,2,41,C
67,2,46,C
67,2,9,C
67,3,25,C
67,3,30,C
67,3,35,C
67,3,38,C
67,3,41,C
67,3,42,C
67,3,45,C
67,3,46,C
67,4,0,C
67,4,12,C
67,4,16,C
67,4,21,C
67,4,28,C
67,4,31,C
67,4,32,C
67,4,33,C
67,4,37,C
67,4,47,C
67,4,5,C
67,5,1,C
67,5,11,C
67,5,17,C
67,5,18,C
67,5,23,C
67,5,28,C
67,5,29,C
67,5,32,C
67,5,36,C
67,5,40,C
67,5,41,C
67,5,48,C
67,5,49,C
67,5,6,C
67,5,7,C
67,6,18,C
67,6,36,C
67,6,4,C
67,6,43,C
67,6,8,C
67,7,1,C
67,7,12,C
67,7,16,C
67,7,20,C
67,7,23,C
67,7,28,C
67,7,3,C
67,7,37,C
67,7,38,C
67,7,4,C
67,7,43,C
67,7,8,C
67,8,11,C
67,8,12,C
67,8,21,C
67,8,22,C
67,8,27,C
67,8,29,C
67,8,34,C
67,8,38,C
67,8,47,C
67,9,11,C
67,9,19,C
67,9,21,C
67,9,34,C
67,9,37,C
67,9,47,C
67,9,48,C
67,9,49,C
67,9,5,C
67,9,6,C
67,9,8,C
67,9,9,C
68,0,15,D
68,0,25,D
68,0,3,D
68,0,40,D
68,0,46,D
68,0,5,D
68,0,9,D
68,1,11,D
68,1,15,D
68,1,16,D
68,1,18,D
68,1,27,D
68,1,30,D
68,1,36,D
68,1,38,D
68,1,44,D
68,1,45,D
68,1,5,D
68,2,1,D
68,2,10,D
68,2,27,D
68,2,38,D
68,2,42,D
68,2,48,D
68,2,8,D
68,2,9,D
68,3,10,D
68,3,13,D
68,3,21,D
68,3,31,D
68,3,35,D
68,3,38,D
68,3,4,D
68,3,44,D
68,3,47,D
68,4,11,D
68,4,12,D
68,4,13,D
68,4,14,D
68,4,15,D
68,4,26,D
68,4,27,D
68,4,31,D
68,4,35,D
68,4,47,D
68,5,1,D
68,5,12,D
68,5,16,D
68,5,2,D
68,5,28,D
68,5,3,D
68,5,4,D
68,5,44,D
68,5,47,D
68,5,7,D
68,5,8,D
68,6,17,D
68,6,18,D
68,6,2,D
68,6,25,D
68,6,27,D
68,6,4,D
68,6,40,D
68,6,44,D
68,6,48,D
68,6,49,D
68,7,1,D
68,7,11,D
68,7,17,D
68,7,19,D
68,7,22,D
68,7,25,D
68,7,32,D
68,7,34,D
68,7,35,D
68,7,40,D
68,7,43,D
68,7,47,D
68,7,8,D
68,7,9,D
68,8,1,D
68,8,17,D
68,8,2,D
68,8,21,D
68,8,22,D
68,8,25,D
68,8,26,D
68,8,41,D
68,8,46,D
68,8,8,D
68,9,0,D
68,9,11,D
68,9,14,D
68,9,15,D
68,9,24,D
68,9,27,D
68,9,36,D
68,9,39,D
68,9,43,D
68,9,44,D
69,0,21,E
69,0,24,E
69,0,31,E
69,0,34,E
69,0,46,E
69,0,7,E
69,1,11,E
69,1,34,E
69,1,44,E
69,1,5,E
69,1,8,E
69,2,12,E
69,2,13,E
69,2,17,E
69,2,19,E
69,2,2,E
69,2,22,E
69,2,23,E
69,2,26,E
69,2,39,E
69,2,44,E
69,2,48,E
69,3,1,E
69,3,14,E
69,3,19,E
69,3,25,E
69,3,27,E
69,3,31,E
69,3,34,E
69,3,35,E
69,3,40,E
69,3,42,E
69,3,43,E
69,3,44,E
69,3,46,E
69,3,6,E
69,3,9,E
69,4,17,E
69,4,19,E
69,4,32,E
69,4,37,E
69,4,47,E
69,4,5,E
69,5,10,E
69,5,12,E
69,5,13,E
69,5,16,E
69,5,18,E
69,5,20,E
69,5,21,E
69,5,22,E
69,5,31,E
69,5,37,E
69,5,43,E
69,5,48,E
69,5,6,E
69,6,11,E
69,6,15,E
69,6,27,E
69,6,31,E
69,6,38,E
69,6,48,E
69,7,1,E
69,7,11,E
69,7,12,E
69,7,13,E
69,7,14,E
69,7,19,E
69,7,2,E
69,7,23,E
69,7,25,E
69,7,28,E
69,7,31,E
69,7,33,E
69,7,36,E
69,7,38,E
69,7,44,E
69,7,45,E
69,7,46,E
69,7,5,E
69,8,1,E
69,8,11,E
69,8,16,E
69,8,17,E
69,8,2,E
69,8,23,E
69,8,36,E
69,8,38,E
69,8,40,E
69,8,7,E
69,9,10,E
69,9,21,E
69,9,23,E
69,9,25,E
69,9,31,E
69,9,35,E
69,9,39,E
69,9,44,E
69,9,6,E
69,9,9,E
70,0,1,F
70,0,11,F
70,0,21,F
70,0,23,F
70,0,24,F
70,0,26,F
70,0,34,F
70,0,35,F
70,0,37,F
70,0,43,F
70,0,47,F
70,0,7,F
70,0,8,F
70,0,9,F
70,1,13,F
70,1,14,F
70,1,18,F
70,1,19,F
70,1,32,F
70,1,41,F
70,1,46,F
70,1,47,F
70,1,6,F
70,2,0,F
70,2,12,F
70,2,13,F
70,2,17,F
70,2,19,F
70,2,2,F
70,2,24,F
70,2,27,F
70,2,29,F
70,2,31,F
70,2,38,F
70,2,39,F
70,2,6,F
70,3,11,F
70,3,24,F
70,3,28,F
70,3,39,F
70,3,40,F
70,3,45,F
70,3,5,F
70,3,6,F
70,3,7,F
70,3,9,F
70,4,11,F
70,4,13,F
70,4,14,F
70,4,21,F
70,4,22,F
70,4,23,F
70,4,24,F
70,4,27,F
70,4,3,F
70,4,33,F
70,4,41,F
70,4,42,F
70,4,46,F
70,4,49,F
70,4,6,F
70,5,20,F
70,5,22,F
70,5,25,F
70,5,33,F
70,5,4,F
70,5,40,F
70,5,43,F
70,5,47,F
70,6,12,F
70,6,14,F
70,6,2,F
70,6,22,F
70,6,26,F
70,6,38,F
70,6,44,F
70,6,47,F
70,6,48,F
70,6,8,F
70,6,9,F
70,7,10,F
70,7,11,F
70,7,19,F
70,7,23,F
70,7,31,F
70,7,33,F
70,7,5,F
70,8,11,F
70,8,13,F
70,8,17,F
70,8,38,F
70,8,46,F
70,8,5,F
70,8,9,F
70,9,17,F
70,9,22,F
70,9,32,F
70,9,42,F
70,9,44,F
70,9,9,F
71,0,11,G
71,0,12,G
71,0,3,G
71,0,30,G
71,0,34,G
71,0,44,G
71,0,46,G
71,1,15,G
71,1,17,G
71,1,18,G
71,1,24,G
71,1,32,G
71,1,37,G
71,1,5,G
71,1,8,G
71,1,9,G
71,2,0,G
71,2,12,G
71,2,14,G
71,2,20,G
71,2,21,G
71,2,25,G
71,2,26,G
71,2,4,G
71,2,40,G
71,2,42,G
71,2,48,G
71,2,49,G
71,2,6,G
71,2,7,G
71,3,1,G
71,3,11,G
71,3,12,G
71,3,23,G
71,3,28,G
71,3,29,G
71,3,32,G
71,3,35,G
71,3,37,G
71,3,38,G
71,3,4,G
71,3,43,G
71,3,44,G
71,3,47,G
71,4,13,G
71,4,18,G
71,4,21,G
71,4,26,G
71,4,29,G
71,4,33,G
71,4,37,G
71,4,40,G
71,4,45,G
71,4,48,G
71,4,49,G
71,5,11,G
71,5,23,G
71,5,25,G
71,5,32,G
71,5,4,G
71,5,40,G
71,5,41,G
71,5,42,G
71,5,47,G
71,5,48,G
71,6,11,G
71,6,22,G
71,6,26,G
71,6,38,G
71,6,39,G
71,6,45,G
71,6,49,G
71,7,1,G
71,7,14,G
71,7,20,G
71,7,21,G
71,7,33,G
71,7,35,G
71,7,44,G
71,7,45,G
71,7,47,G
71,7,48,G
71,8,10,G
71,8,23,G
71,8,26,G
71,8,27,G
71,8,31,G
71,8,34,G
71,8,36,G
71,8,41,G
71,8,44,G
71,8,46,G
71,8,47,G
71,8,8,G
71,9,22,G
71,9,32,G
71,9,33,G
71,9,44,G
71,9,46,G
71,9,49,G
72,0,19,H
72,0,22,H
72,0,23,H
72,0,24,H
72,0,32,H
72,0,40,H
72,0,41,H
72,0,9,H
72,1,10,H
72,1,13,H
72,1,15,H
72,1,16,H
72,1,22,H
72,1,23,H
72,1,32,H
72,1,38,H
72,1,41,H
72,1,46,H
72,1,5,H
72,1,9,H
72,2,12,H
72,2,19,H
72,2,30,H
72,2,33,H
72,2,35,H
72,2,44,H
72,2,46,H
72,3,10,H
72,3,11,H
72,3,18,H
72,3,26,H
72,3,29,H
72,3,43,H
72,3,44,H
72,3,6,H
72,3,8,H
72,4,10,H
72,4,13,H
72,4,2,H
72,4,20,H
72,4,21,H
72,4,23,H
72,4,24,H
72,4,32,H
72,4,40,H
72,4,44,H
72,4,46,H
72,5,11,H
72,5,12,H
72,5,17,H
72,5,23,H
72,5,26,H
72,5,30,H
72,5,33,H
72,5,40,H
72,5,44,H
72,5,45,H
72,5,47,H
72,5,8,H
72,5,9,H
72,6,26,H
72,6,3,H
72,6,33,H
72,6,39,H
72,6,40,H
72,6,41,H
72,7,0,H
72,7,1,H
72,7,12,H
72,7,14,H
72,7,2,H
72,7,21,H
72,7,22,H
72,7,25,H
72,7,29,H
72,7,32,H
72,7,42,H
72,7,44,H
72,7,48,H
72,7,6,H
72,7,8,H
72,7,9,H
72,8,0,H
72,8,18,H
72,8,21,H
72,8,22,H
72,8,29,H
72,8,36,H
72,8,37,H
72,8,38,H
72,8,39,H
72,8,43,H
72,8,5,H
72,9,11,H
72,9,18,H
72,9,21,H
72,9,29,H
72,9,30,H
72,9,45,H
72,9,9,H
73,0,29,I
73,0,33,I
73,0,34,I
73,0,4,I
73,0,41,I
73,0,42,I
73,0,43,I
73,0,45,I
73,0,46,I
73,1,11,I
73,1,20,I
73,1,21,I
73,1,23,I
73,1,37,I
73,1,39,I
73,1,41,I
73,1,46,I
73,1,8,I
73,2,11,I
73,2,19,I
73,2,2,I
73,2,21,I
73,2,3,I
73,2,35,I
73,2,42,I
73,2,47,I
73,2,6,I
73,3,0,I
73,3,10,I
73,3,15,I
73,3,16,I
73,3,23,I
73,3,25,I
73,3,29,I
73,3,30,I
73,3,33,I
73,3,35,I
73,3,36,I
73,3,43,I
73,3,45,I
73,3,7,I
73,4,17,I
73,4,19,I
73,4,3,I
73,4,33,I
73,4,41,I
73,4,45,I
73,4,6,I
73,5,12,I
73,5,15,I
73,5,21,I
73,5,27,I
73,5,28,I
73,5,33,I
73,5,37,I
73,5,42,I
73,5,47,I
73,5,48,I
73,5,5,I
73,5,6,I
73,6,14,I
73,6,15,I
73,6,35,I
73,6,37,I
73,6,39,I
73,6,41,I
73,6,48,I
73,6,49,I
73,6,6,I
73,6,7,I
73,6,9,I
73,7,15,I
73,7,16,I
73,7,26,I
73,7,27,I
73,7,29,I
73,7,31,I
73,7,33,I
73,7,39,I
73,7,41,I
73,8,1,I
73,8,10,I
73,8,14,I
73,8,15,I
73,8,17,I
73,8,24,I
73,8,27,I
73,8,38,I
73,8,40,I
73,8,46,I
73,8,47,I
73,8,48,I
73,9,23,I
73,9,28,I
73,9,29,I
73,9,32,I
73,9,33,I
73,9,35,I
73,9,36,I
73,9,40,I
74,0,11,J
74,0,12,J
74,0,18,J
74,0,25,J
74,0,27,J
74,0,28,J
74,0,30,J
74,0,31,J
74,0,37,J
74,0,40,J
74,0,44,J
74,0,8,J
74,1,0,J
74,1,16,J
74,1,24,J
74,1,38,J
74,1,4,J
74,1,41,J
74,2,13,J
74,2,28,J
74,2,3,J
74,2,30,J
74,2,35,J
74,2,37,J
74,2,38,J
74,2,39,J
74,2,8,J
74,3,10,J
74,3,12,J
74,3,20,J
74,3,25,J
74,3,29,J
74,3,33,J
74,3,49,J
74,3,6,J
74,4,13,J
74,4,21,J
74,4,23,J
74,4,24,J
74,4,25,J
74,4,30,J
74,4,41,J
74,4,44,J
74,4,48,J
74,4,8,J
74,5,0,J
74,5,15,J
74,5,17,J
74,5,28,J
74,5,31,J
74,5,32,J
74,5,40,J
74,6,0,J
74,6,15,J
74,6,2,J
74,6,21,J
74,6,25,J
74,6,29,J
74,6,33,J
74,6,4,J
74,6,40,J
74,6,42,J
74,6,6,J
74,6,7,J
74,7,13,J
74,7,15,J
74,7,18,J
74,7,2,J
74,7,22,J
74,7,23,J
74,7,33,J
74,7,34,J
74,7,35,J
74,7,4,J
74,7,45,J
74,7,8,J
74,8,0,J
74,8,11,J
74,8,19,J
74,8,20,J
74,8,31,J
74,8,34,J
74,8,35,J
74,8,4,J
74,8,44,J
74,9,10,J
74,9,13,J
74,9,16,J
74,9,19,J
74,9,20,J
74,9,24,J
74,9,26,J
74,9,3,J
74,9,32,J
74,9,34,J
74,9,35,J
74,9,39,J
74,9,40,J
74,9,43,J
74,9,46,J
75,0,12,K
75,0,16,K
75,0,18,K
75,0,2,K
75,0,23,K
75,0,24,K
75,0,28,K
75,0,29,K
75,0,33,K
75,0,35,K
75,0,49,K
75,0,9,K
75,1,21,K
75,1,23,K
75,1,27,K
75,1,33,K
75,1,34,K
75,1,4,K
75,1,48,K
75,2,17,K
75,2,2,K
75,2,27,K
75,2,30,K
75,2,34,K
75,2,35,K
75,2,49,K
75,2,8,K
75,3,1,K
75,3,13,K
75,3,18,K
75,3,19,K
75,3,2,K
75,3,20,K
75,3,21,K
75,3,33,K
75,3,36,K
75,3,43,K
75,4,2,K
75,4,30,K
75,4,32,K
75,4,33,K
75,4,37,K
75,4,4,K
75,4,40,K
75,5,0,K
75,5,21,K
75,5,22,K
75,5,32,K
75,5,35,K
75,5,36,K
75,5,37,K
75,5,39,K
75,5,47,K
75,5,5,K
75,5,8,K
75,6,0,K
75,6,1,K
75,6,15,K
75,6,17,K
75,6,18,K
75,6,26,K
75,6,27,K
75,6,37,K
75,6,43,K
75,6,47,K
75,7,11,K
75,7,16,K
75,7,27,K
75,7,29,K
75,7,36,K
75,7,38,K
75,7,43,K
75,7,47,K
75,7,6,K
75,8,12,K
75,8,2,K
75,8,24,K
75,8,29,K
75,8,30,K
75,8,31,K
75,8,45,K
75,8,46,K
75,8,47,K
75,8,49,K
75,8,8,K
75,9,1,K
75,9,11,K
75,9,17,K
75,9,18,K
75,9,19,K
75,9,25,K
75,9,27,K
75,9,31,K
75,9,32,K
75,9,35,K
75,9,37,K
75,9,41,K
75,9,43,K
75,9,48,K
75,9,6,K
76,0,12,L
76,0,13,L
76,0,17,L
76,0,18,L
76,0,21,L
76,0,25,L
76,0,26,L
76,0,27,L
76,0,44,L
76,0,45,L
76,0,8,L
76,1,12,L
76,1,17,L
76,1,18,L
76,1,21,L
76,1,30,L
76,1,34,L
76,1,42,L
76,1,46,L
76,1,7,L
76,2,17,L
76,2,24,L
76,2,25,L
76,2,29,L
76,2,3,L
76,2,31,L
76,2,47,L
76,3,18,L
76,3,21,L
76,3,22,L
76,3,28,L
76,3,37,L
76,3,46,L
76,4,10,L
76,4,14,L
76,4,24,L
76,4,27,L
76,4,40,L
76,4,46,L
76,4,5,L
76,5,1,L
76,5,13,L
76,5,19,L
76,5,2,L
76,5,27,L
76,5,28,L
76,5,3,L
76,5,32,L
76,5,4,L
76,5,45,L
76,5,46,L
76,5,48,L
76,6,1,L
76,6,10,L
76,6,12,L
76,6,14,L
76,6,19,L
76,6,21,L
76,6,28,L
76,6,31,L
76,6,34,L
76,6,35,L
76,6,37,L
76,6,38,L
76,6,41,L
76,6,43,L
76,6,48,L
76,6,7,L
76,6,9,L
76,7,1,L
76,7,19,L
76,7,20,L
76,7,22,L
76,7,43,L
76,7,45,L
76,7,5,L
76,8,1,L
76,8,19,L
76,8,20,L
76,8,31,L
76,8,32,L
76,8,37,L
76,8,38,L
76,8,40,L
76,8,44,L
76,8,46,L
76,8,47,L
76,8,49,L
76,9,12,L
76,9,19,L
76,9,20,L
76,9,22,L
76,9,23,L
76,9,25,L
76,9,33,L
76,9,36,L
76,9,38,L
76,9,42,L
76,9,43,L
76,9,44,L
77,0,12,M
77,0,15,M
77,0,16,M
77,0,2,M
77,0,22,M
77,0,34,M
77,0,43,M
77,0,45,M
77,0,46,M
77,1,11,M
77,1,16,M
77,1,23,M
77,1,30,M
77,1,34,M
77,1,38,M
77,1,39,M
77,1,40,M
77,1,44,M
77,1,47,M
77,1,6,M
77,1,8,M
77,2,12,M
77,2,15,M
77,2,24,M
77,2,28,M
77,2,32,M
77,2,36,M
77,2,4,M
77,2,40,M
77,2,43,M
77,3,12,M
77,3,13,M
77,3,22,M
77,3,23,M
77,3,25,M
77,3,35,M
77,3,4,M
77,3,41,M
77,3,5,M
77,4,11,M
77,4,15,M
77,4,21,M
77,4,32,M
77,4,4,M
77,4,42,M
77,4,44,M
77,4,45,M
77,4,49,M
77,4,8,M
77,5,17,M
77,5,19,M
77,5,2,M
77,5,21,M
77,5,23,M
77,5,24,M
77,5,25,M
77,5,27,M
77,5,28,M
77,5,3,M
77,5,32,M
77,5,4,M
77,5,40,M
77,5,45,M
77,5,46,M
77,5,9,M
77,6,17,M
77,6,19,M
77,6,39,M
77,6,7,M
77,7,12,M
77,7,17,M
77,7,18,M
77,7,37,M
77,7,4,M
77,7,45,M
77,7,47,M
77,8,0,M
77,8,1,M
77,8,14,M
77,8,20,M
77,8,21,M
77,8,22,M
77,8,23,M
77,8,25,M
77,8,27,M
77,8,34,M
77,8,4,M
77,8,40,M
77,8,44,M
77,8,45,M
77,8,49,M
77,8,7,M
77,8,9,M
77,9,0,M
77,9,29,M
77,9,31,M
77,9,37,M
77,9,38,M
77,9,46,M
77,9,9,M
78,0,1,N
78,0,11,N
78,0,15,N
78,0,16,N
78,0,23,N
78,0,26,N
78,0,3,N
78,0,31,N
78,0,34,N
78,0,35,N
78,0,39,N
78,0,40,N
78,0,44,N
78,1,0,N
78,1,15,N
78,1,2,N
78,1,3,N
78,1,39,N
78,1,41,N
78,1,48,N
78,1,8,N
78,2,10,N
78,2,2,N
78,2,20,N
78,2,23,N
78,2,30,N
78,2,33,N
78,2,37,N
78,2,38,N
78,2,44,N
78,2,46,N
78,2,47,N
78,2,5,N
78,2,9,N
78,3,11,N
78,3,18,N
78,3,21,N
78,3,32,N
78,3,49,N
78,3,9,N
78,4,0,N
78,4,11,N
78,4,19,N
78,4,23,N
78,4,26,N
78,4,27,N
78,4,32,N
78,4,4,N
78,4,42,N
78,4,45,N
78,4,5,N
78,5,11,N
78,5,13,N
78,5,2,N
78,5,23,N
78,5,25,N
78,5,34,N
78,5,36,N
78,5,42,N
78,5,47,N
78,5,5,N
78,5,8,N
78,6,2,N
78,6,25,N
78,6,30,N
78,6,37,N
78,6,46,N
78,6,49,N
78,6,5,N
78,6,6,N
78,7,15,N
78,7,24,N
78,7,27,N
78,7,37,N
78,7,8,N
78,8,1,N
78,8,12,N
78,8,13,N
78,8,14,N
78,8,19,N
78,8,21,N
78,8,25,N
78,8,29,N
78,8,3,N
78,8,41,N
78,8,42,N
78,8,45,N
78,8,46,N
78,9,12,N
78,9,15,N
78,9,18,N
78,9,19,N
78,9,23,N
78,9,26,N
78,9,34,N
78,9,37,N
78,9,38,N
78,9,39,N
78,9,40,N
78,9,5,N
79,0,1,O
79,0,20,O
79,0,23,O
79,0,24,O
79,0,32,O
79,0,33,O
79,0,35,O
79,0,36,O
79,0,49,O
79,0,6,O
79,0,9,O
79,1,14,O
79,1,16,O
79,1,2,O
79,1,21,O
79,1,3,O
79,1,44,O
79,1,49,O
79,1,5,O
79,2,15,O
79,2,23,O
79,2,28,O
79,2,29,O
79,2,31,O
79,2,40,O
79,2,43,O
79,2,49,O
79,3,1,O
79,3,16,O
79,3,26,O
79,3,28,O
79,3,30,O
79,3,34,O
79,3,35,O
79,3,37,O
79,3,40,O
79,3,43,O
79,4,10,O
79,4,16,O
79,4,2,O
79,4,21,O
79,4,29,O
79,4,9,O
79,5,17,O
79,5,19,O
79,5,21,O
79,5,24,O
79,5,29,O
79,5,3,O
79,5,33,O
79,5,40,O
79,5,46,O
79,5,49,O
79,5,6,O
79,5,7,O
79,6,13,O
79,6,21,O
79,6,26,O
79,6,29,O
79,6,39,O
79,6,41,O
79,6,42,O
79,6,44,O
79,6,45,O
79,6,48,O
79,7,15,O
79,7,16,O
79,7,17,O
79,7,22,O
79,7,25,O
79,7,26,O
79,7,29,O
79,7,33,O
79,7,34,O
79,7,39,O
79,7,44,O
79,7,46,O
79,7,7,O
79,8,13,O
79,8,22,O
79,8,23,O
79,8,24,O
79,8,25,O
79,8,31,O
79,8,40,O
79,8,42,O
79,8,44,O
79,8,45,O
79,8,48,O
79,8,6,O
79,9,0,O
79,9,16,O
79,9,19,O
79,9,28,O
79,9,3,O
79,9,32,O
79,9,33,O
79,9,36,O
79,9,37,O
79,9,9,O
80,0,10,P
80,0,18,P
80,0,2,P
80,0,20,P
80,0,22,P
80,0,26,P
80,0,27,P
80,0,28,P
80,0,34,P
80,0,38,P
80,0,46,P
80,0,5,P
80,0,7,P
80,1,0,P
80,1,16,P
80,1,19,P
80,1,2,P
80,1,3,P
80,1,35,P
80,1,44,P
80,1,8,P
80,1,9,P
80,2,1,P
80,2,11,P
80,2,21,P
80,2,23,P
80,2,26,P
80,2,27,P
80,2,28,P
80,2,29,P
80,2,33,P
80,2,37,P
80,2,39,P
80,2,4,P
80,2,44,P
80,3,11,P
80,3,12,P
80,3,15,P
80,3,16,P
80,3,22,P
80,3,23,P
80,3,35,P
80,3,36,P
80,3,37,P
80,3,40,P
80,3,5,P
80,3,9,P
80,4,11,P
80,4,12,P
80,4,14,P
80,4,16,P
80,4,19,P
80,4,26,P
80,4,32,P
80,4,36,P
80,4,41,P
80,4,44,P
80,4,5,P
80,4,6,P
80,5,10,P
80,5,11,P
80,5,13,P
80,5,2,P
80,5,24,P
80,5,29,P
80,5,34,P
80,5,44,P
80,5,45,P
80,6,11,P
80,6,13,P
80,6,14,P
80,6,22,P
80,6,27,P
80,6,31,P
80,6,36,P
80,6,38,P
80,6,43,P
80,6,46,P
80,7,11,P
80,7,12,P
80,7,14,P
80,7,2,P
80,7,39,P
80,7,6,P
80,8,1,P
80,8,10,P
80,8,16,P
80,8,2,P
80,8,23,P
80,8,25,P
80,8,36,P
80,8,4,P
80,8,48,P
80,8,49,P
80,9,17,P
80,9,21,P
80,9,24,P
80,9,30,P
80,9,32,P
80,9,47,P
81,0,0,Q
81,0,12,Q
81,0,14,Q
81,0,16,Q
81,0,18,Q
81,0,2,Q
81,0,23,Q
81,0,3,Q
81,0,31,Q
81,0,32,Q
81,0,33,Q
81,0,43,Q
81,1,16,Q
81,1,20,Q
81,1,21,Q
81,1,35,Q
81,1,38,Q
81,1,39,Q
81,1,42,Q
81,1,43,Q
81,1,47,Q
81,2,0,Q
81,2,10,Q
81,2,20,Q
81,2,26,Q
81,2,31,Q
81,2,44,Q
81,2,46,Q
81,2,48,Q
81,2,6,Q
81,2,8,Q
81,2,9,Q
81,3,0,Q
81,3,1,Q
81,3,13,Q
81,3,16,Q
81,3,21,Q
81,3,25,Q
81,3,27,Q
81,3,3,Q
81,3,30,Q
81,3,34,Q
81,3,4,Q
81,3,40,Q
81,3,48,Q
81,4,1,Q
81,4,14,Q
81,4,18,Q
81,4,24,Q
81,4,4,Q
81,4,40,Q
81,4,46,Q
81,4,48,Q
81,4,8,Q
81,5,0,Q
81,5,12,Q
81,5,17,Q
81,5,20,Q
81,5,23,Q
81,5,24,Q
81,5,25,Q
81,5,26,Q
81,5,3,Q
81,5,31,Q
81,5,32,Q
81,5,33,Q
81,5,34,Q
81,5,43,Q
81,6,10,Q
81,6,30,Q
81,6,37,Q
81,6,41,Q
81,6,44,Q
81,6,9,Q
81,7,21,Q
81,7,43,Q
81,7,44,Q
81,7,48,Q
81,7,9,Q
81,8,0,Q
81,8,16,Q
81,8,22,Q
81,8,25,Q
81,8,29,Q
81,8,30,Q
81,8,31,Q
81,8,34,Q
81,8,40,Q
81,8,44,Q
81,9,10,Q
81,9,11,Q
81,9,14,Q
81,9,22,Q
81,9,23,Q
81,9,28,Q
81,9,30,Q
81,9,32,Q
81,9,33,Q
81,9,37,Q
81,9,44,Q
82,0,10,R
82,0,11,R
82,0,20,R
82,0,31,R
82,0,32,R
82,0,35,R
82,0,42,R
82,0,44,R
82,0,45,R
82,0,7,R
82,1,13,R
82,1,15,R
82,1,18,R
82,1,26,R
82,1,27,R
82,1,3,R
82,1,36,R
82,1,47,R
82,2,14,R
82,2,16,R
82,2,23,R
82,2,25,R
82,2,29,R
82,2,32,R
82,2,39,R
82,2,45,R
82,2,46,R
82,2,5,R
82,2,6,R
82,3,0,R
82,3,1,R
82,3,12,R
82,3,20,R
82,3,22,R
82,3,25,R
82,3,30,R
82,3,31,R
82,3,32,R
82,3,34,R
82,3,7,R
82,4,17,R
82,4,19,R
82,4,23,R
82,4,25,R
82,4,33,R
82,4,38,R
82,4,41,R
82,4,42,R
82,4,44,R
82,4,48,R
82,4,5,R
82,4,8,R
82,5,12,R
82,5,13,R
82,5,14,R
82,5,15,R
82,5,17,R
82,5,20,R
82,5,32,R
82,5,4,R
82,5,41,R
82,5,48,R
82,6,15,R
82,6,17,R
82,6,28,R
82,6,38,R
82,6,45,R
82,6,5,R
82,7,0,R
82,7,16,R
82,7,27,R
82,7,29,R
82,7,30,R
82,7,33,R
82,7,35,R
82,7,7,R
82,8,16,R
82,8,18,R
82,8,23,R
82,8,25,R
82,8,36,R
82,8,37,R
82,8,4,R
82,8,40,R
82,8,43,R
82,8,44,R
82,8,47,R
82,8,5,R
82,9,10,R
82,9,21,R
82,9,24,R
82,9,25,R
82,9,27,R
82,9,30,R
82,9,34,R
82,9,42,R
82,9,43,R
82,9,47,R
82,9,49,R
82,9,6,R
83,0,10,S
83,0,11,S
83,0,2,S
83,0,20,S
83,0,21,S
83,0,22,S
83,0,24,S
83,0,27,S
83,0,28,S
83,0,34,S
83,0,35,S
83,0,36,S
83,0,38,S
83,0,41,S
83,1,20,S
83,1,21,S
83,1,25,S
83,1,30,S
83,1,34,S
83,1,5,S
83,2,0,S
83,2,12,S
83,2,18,S
83,2,19,S
83,2,24,S
83,2,26,S
83,2,33,S
83,2,39,S
83,2,40,S
83,2,47,S
83,2,5,S
83,2,8,S
83,3,0,S
83,3,1,S
83,3,11,S
83,3,15,S
83,3,19,S
83,3,32,S
83,3,36,S
83,3,44,S
83,3,47,S
83,3,7,S
83,3,8,S
83,4,0,S
83,4,11,S
83,4,17,S
83,4,18,S
83,4,29,S
83,4,33,S
83,4,35,S
83,4,37,S
83,4,4,S
83,4,6,S
83,4,8,S
83,5,15,S
83,5,2,S
83,5,20,S
83,5,31,S
83,5,34,S
83,5,36,S
83,5,4,S
83,5,43,S
83,5,46,S
83,5,47,S
83,5,9,S
83,6,13,S
83,6,2,S
83,6,20,S
83,6,31,S
83,6,32,S
83,6,36,S
83,6,43,S
83,7,12,S
83,7,13,S
83,7,14,S
83,7,16,S
83,7,32,S
83,7,36,S
83,7,38,S
83,7,46,S
83,7,9,S
83,8,13,S
83,8,19,S
83,8,3,S
83,8,36,S
83,8,41,S
83,8,45,S
83,8,47,S
83,8,49,S
83,8,9,S
83,9,12,S
83,9,14,S
83,9,16,S
83,9,2,S
83,9,22,S
83,9,24,S
83,9,30,S
83,9,32,S
83,9,33,S
83,9,6,S
84,0,17,T
84,0,24,T
84,0,33,T
84,0,37,T
84,0,4,T
84,0,41,T
84,0,45,T
84,1,13,T
84,1,20,T
84,1,29,T
84,1,30,T
84,1,33,T
84,1,34,T
84,1,36,T
84,1,37,T
84,1,41,T
84,1,42,T
84,1,47,T
84,1,6,T
84,2,11,T
84,2,19,T
84,2,22,T
84,2,25,T
84,2,28,T
84,2,29,T
84,2,31,T
84,2,34,T
84,2,38,T
84,2,49,T
84,2,6,T
84,3,11,T
84,3,12,T
84,3,22,T
84,3,38,T
84,3,41,T
84,3,49,T
84,3,7,T
84,4,13,T
84,4,16,T
84,4,25,T
84,4,29,T
84,4,30,T
84,4,4,T
84,4,41,T
84,4,44,T
84,4,6,T
84,4,9,T
84,5,12,T
84,5,2,T
84,5,20,T
84,5,22,T
84,5,23,T
84,5,26,T
84,5,3,T
84,5,31,T
84,5,35,T
84,5,36,T
84,5,38,T
84,5,39,T
84,5,43,T
84,6,1,T
84,6,10,T
84,6,12,T
84,6,2,T
84,6,27,T
84,6,3,T
84,6,32,T
84,6,35,T
84,6,39,T
84,6,40,T
84,6,6,T
84,6,9,T
84,7,17,T
84,7,24,T
84,7,33,T
84,7,34,T
84,7,37,T
84,7,40,T
84,7,41,T
84,7,6,T
84,8,0,T
84,8,15,T
84,8,18,T
84,8,19,T
84,8,20,T
84,8,22,T
84,8,23,T
84,8,25,T
84,8,31,T
84,8,33,T
84,8,39,T
84,8,41,T
84,8,48,T
84,9,1,T
84,9,13,T
84,9,18,T
84,9,23,T
84,9,24,T
84,9,32,T
84,9,5,T
85,0,12,U
85,0,14,U
85,0,18,U
85,0,22,U
85,0,32,U
85,0,37,U
85,0,42,U
85,0,45,U
85,0,47,U
85,0,9,U
85,1,22,U
85,1,24,U
85,1,35,U
85,1,38,U
85,1,4,U
85,1,40,U
85,1,41,U
85,1,42,U
85,2,10,U
85,2,15,U
85,2,19,U
85,2,24,U
85,2,25,U
85,2,26,U
85,2,3,U
85,2,38,U
85,2,44,U
85,2,48,U
85,2,6,U
85,2,7,U
85,2,9,U
85,3,1,U
85,3,15,U
85,3,22,U
85,3,24,U
85,3,26,U
85,3,30,U
85,3,31,U
85,3,36,U
85,3,45,U
85,4,25,U
85,4,28,U
85,4,3,U
85,4,30,U
85,4,38,U
85,4,41,U
85,4,46,U
85,4,7,U
85,5,18,U
85,5,29,U
85,5,32,U
85,5,34,U
85,5,40,U
85,5,41,U
85,5,46,U
85,5,47,U
85,5,5,U
85,6,16,U
85,6,2,U
85,6,22,U
85,6,23,U
85,6,26,U
85,6,35,U
85,6,36,U
85,6,38,U
85,6,4,U
85,6,46,U
85,6,7,U
85,7,1,U
85,7,18,U
85,7,19,U
85,7,25,U
85,7,26,U
85,7,3,U
85,7,36,U
85,7,40,U
85,7,49,U
85,7,5,U
85,7,7,U
85,7,8,U
85,8,1,U
85,8,13,U
85,8,15,U
85,8,19,U
85,8,22,U
85,8,29,U
85,8,3,U
85,8,35,U
85,8,4,U
85,8,47,U
85,8,48,U
85,8,49,U
85,8,6,U
85,9,17,U
85,9,25,U
85,9,26,U
85,9,31,U
85,9,37,U
85,9,8,U
85,9,9,U
86,0,16,V
86,0,17,V
86,0,19,V
86,0,38,V
86,0,4,V
86,0,44,V
86,0,5,V
86,0,6,V
86,0,8,V
86,1,0,V
86,1,13,V
86,1,18,V
86,1,19,V
86,1,2,V
86,1,24,V
86,1,27,V
86,1,29,V
86,1,34,V
86,1,35,V
86,1,36,V
86,1,7,V
86,1,9,V
86,2,23,V
86,2,24,V
86,2,36,V
86,2,37,V
86,2,48,V
86,2,49,V
86,2,6,V
86,3,0,V
86,3,11,V
86,3,12,V
86,3,17,V
86,3,19,V
86,3,21,V
86,3,28,V
86,3,32,V
86,3,36,V
86,3,37,V
86,3,39,V
86,3,4,V
86,3,5,V
86,3,7,V
86,4,10,V
86,4,17,V
86,4,20,V
86,4,21,V
86,4,25,V
86,4,29,V
86,4,31,V
86,4,38,V
86,4,47,V
86,4,48,V
86,5,23,V
86,5,28,V
86,5,29,V
86,5,33,V
86,5,34,V
86,5,36,V
86,5,37,V
86,5,6,V
86,6,11,V
86,6,21,V
86,6,25,V
86,6,28,V
86,6,37,V
86,7,0,V
86,7,10,V
86,7,15,V
86,7,20,V
86,7,29,V
86,7,32,V
86,7,34,V
86,7,38,V
86,7,4,V
86,7,40,V
86,7,44,V
86,7,7,V
86,8,19,V
86,8,27,V
86,8,28,V
86,8,30,V
86,8,32,V
86,8,34,V
86,8,37,V
86,8,45,V
86,8,48,V
86,9,14,V
86,9,17,V
86,9,18,V
86,9,19,V
86,9,2,V
86,9,3,V
86,9,36,V
86,9,38,V
86,9,40,V
86,9,41,V
86,9,42,V
86,9,48,V
86,9,5,V
87,0,11,W
87,0,12,W
87,0,19,W
87,0,2,W
87,0,27,W
87,0,29,W
87,0,32,W
87,0,9,W
87,1,16,W
87,1,20,W
87,1,29,W
87,1,33,W
87,1,38,W
87,1,42,W
87,1,9,W
87,2,10,W
87,2,12,W
87,2,13,W
87,2,16,W
87,2,27,W
87,2,3,W
87,2,30,W
87,2,32,W
87,3,0,W
87,3,1,W
87,3,10,W
87,3,22,W
87,3,24,W
87,3,25,W
87,3,26,W
87,3,29,W
87,3,40,W
87,3,45,W
87,3,46,W
87,4,0,W
87,4,16,W
87,4,21,W
87,4,23,W
87,4,32,W
87,4,4,W
87,4,45,W
87,4,49,W
87,4,5,W
87,5,12,W
87,5,17,W
87,5,18,W
87,5,19,W
87,5,2,W
87,5,21,W
87,5,24,W
87,5,28,W
87,5,3,W
87,5,31,W
87,5,33,W
87,5,37,W
87,5,40,W
87,5,46,W
87,5,6,W
87,6,11,W
87,6,16,W
87,6,18,W
87,6,20,W
87,6,24,W
87,6,26,W
87,6,30,W
87,6,31,W
87,6,36,W
87,6,4,W
87,6,41,W
87,6,47,W
87,6,48,W
87,7,14,W
87,7,22,W
87,7,23,W
87,7,29,W
87,7,34,W
87,7,36,W
87,7,38,W
87,7,39,W
87,7,4,W
87,7,7,W
87,8,17,W
87,8,21,W
87,8,28,W
87,8,30,W
87,8,35,W
87,8,37,W
87,8,38,W
87,8,39,W
87,8,40,W
87,8,8,W
87,9,1,W
87,9,13,W
87,9,16,W
87,9,17,W
87,9,2,W
87,9,29,W
87,9,3,W
87,9,36,W
87,9,37,W
88,0,10,X
88,0,28,X
88,0,34,X
88,0,4,X
88,0,42,X
88,0,45,X
88,0,7,X
88,1,14,X
88,1,16,X
88,1,18,X
88,1,21,X
88,1,30,X
88,1,33,X
88,1,35,X
88,1,4,X
88,1,41,X
88,1,45,X
88,1,5,X
88,1,8,X
88,2,11,X
88,2,14,X
88,2,15,X
88,2,17,X
88,2,20,X
88,2,21,X
88,2,22,X
88,2,34,X
88,2,36,X
88,2,40,X
88,2,47,X
88,3,10,X
88,3,14,X
88,3,31,X
88,3,34,X
88,3,35,X
88,4,1,X
88,4,18,X
88,4,22,X
88,4,34,X
88,4,36,X
88,4,37,X
88,4,46,X
88,4,47,X
88,4,9,X
88,5,1,X
88,5,10,X
88,5,2,X
88,5,22,X
88,5,27,X
88,5,35,X
88,5,36,X
88,5,37,X
88,5,44,X
88,5,48,X
88,6,16,X
88,6,18,X
88,6,25,X
88,6,28,X
88,6,3,X
88,6,30,X
88,6,34,X
88,6,41,X
88,6,44,X
88,6,45,X
88,6,46,X
88,6,47,X
88,6,48,X
88,6,6,X
88,6,9,X
88,7,17,X
88,7,20,X
88,7,22,X
88,7,3,X
88,7,35,X
88,7,38,X
88,7,4,X
88,7,46,X
88,7,48,X
88,7,9,X
88,8,10,X
88,8,15,X
88,8,17,X
88,8,19,X
88,8,23,X
88,8,34,X
88,8,4,X
88,8,41,X
88,8,44,X
88,8,47,X
88,8,49,X
88,8,8,X
88,9,10,X
88,9,19,X
88,9,23,X
88,9,27,X
88,9,29,X
88,9,35,X
88,9,4,X
88,9,8,X
88,9,9,X
89,0,12,Y
89,0,2,Y
89,0,20,Y
89,0,22,Y
89,0,24,Y
89,0,29,Y
89,0,3,Y
89,0,33,Y
89,0,34,Y
89,0,36,Y
89,0,49,Y
89,0,5,Y
89,0,8,Y
89,0,9,Y
89,1,11,Y
89,1,13,Y
89,1,17,Y
89,1,18,Y
89,1,19,Y
89,1,21,Y
89,1,36,Y
89,1,40,Y
89,1,49,Y
89,2,11,Y
89,2,12,Y
89,2,16,Y
89,2,25,Y
89,2,26,Y
89,2,30,Y
89,2,31,Y
89,2,34,Y
89,2,35,Y
89,2,4,Y
89,2,41,Y
89,2,44,Y
89,2,49,Y
89,2,5,Y
89,2,7,Y
89,2,9,Y
89,3,1,Y
89,3,12,Y
89,3,14,Y
89,3,15,Y
89,3,16,Y
89,3,17,Y
89,3,19,Y
89,3,22,Y
89,3,32,Y
89,3,33,Y
89,3,44,Y
89,3,48,Y
89,4,10,Y
89,4,2,Y
89,4,23,Y
89,4,27,Y
89,4,32,Y
89,4,33,Y
89,4,35,Y
89,4,39,Y
89,4,43,Y
89,4,47,Y
89,4,5,Y
89,5,21,Y
89,5,30,Y
89,5,46,Y
89,5,6,Y
89,5,9,Y
89,6,0,Y
89,6,1,Y
89,6,17,Y
89,6,2,Y
89,6,25,Y
89,6,28,Y
89,6,36,Y
89,6,37,Y
89,6,41,Y
89,6,8,Y
89,6,9,Y
89,7,10,Y
89,7,20,Y
89,7,24,Y
89,7,25,Y
89,7,37,Y
89,7,40,Y
89,7,44,Y
89,7,46,Y
89,8,18,Y
89,8,28,Y
89,8,40,Y
89,8,43,Y
89,8,7,Y
89,9,15,Y
89,9,18,Y
89,9,27,Y
89,9,34,Y
89,9,35,Y
89,9,39,Y
89,9,41,Y
89,9,48,Y
89,9,5,Y
90,0,1,Z
90,0,15,Z
90,0,18,Z
90,0,21,Z
90,0,23,Z
90,0,24,Z
90,0,26,Z
90,0,28,Z
90,0,29,Z
90,0,3,Z
90,0,31,Z
90,0,33,Z
90,0,35,Z
90,0,36,Z
90,0,6,Z
90,0,7,Z
90,0,9,Z
90,1,17,Z
90,1,24,Z
90,1,34,Z
90,1,35,Z
90,1,36,Z
90,1,38,Z
90,1,41,Z
90,1,45,Z
90,1,49,Z
90,1,5,Z
90,2,12,Z
90,2,15,Z
90,2,29,Z
90,2,32,Z
90,2,33,Z
90,2,35,Z
90,2,36,Z
90,2,42,Z
90,2,43,Z
90,2,44,Z
90,2,46,Z
90,2,49,Z
90,3,1,Z
90,3,10,Z
90,3,14,Z
90,3,20,Z
90,3,3,Z
90,3,32,Z
90,3,38,Z
90,3,4,Z
90,3,45,Z
90,3,46,Z
90,3,47,Z
90,4,12,Z
90,4,21,Z
90,4,31,Z
90,4,7,Z
90,4,8,Z
90,5,17,Z
90,5,20,Z
90,5,29,Z
90,5,31,Z
90,5,32,Z
90,5,35,Z
90,5,42,Z
90,5,45,Z
90,6,0,Z
90,6,12,Z
90,6,3,Z
90,6,35,Z
90,6,4,Z
90,6,43,Z
90,6,44,Z
90,6,47,Z
90,7,10,Z
90,7,11,Z
90,7,14,Z
90,7,15,Z
90,7,23,Z
90,7,29,Z
90,7,30,Z
90,7,31,Z
90,7,34,Z
90,7,39,Z
90,7,45,Z
90,7,7,Z
90,8,13,Z
90,8,18,Z
90,8,26,Z
90,8,29,Z
90,8,37,Z
90,8,38,Z
90,8,45,Z
90,8,5,Z
90,8,9,Z
90,9,14,Z
90,9,18,Z
90,9,24,Z
90,9,29,Z
90,9,30,Z
90,9,35,Z
90,9,38,Z
90,9,43,Z
91,0,12,[
91,0,15,[
91,0,18,[
91,0,29,[
91,0,36,[
91,0,43,[
91,0,49,[
91,0,8,[
91,0,9,[
91,1,15,[
91,1,16,[
91,1,17,[
91,1,22,[
91,1,27,[
91,1,30,[
91,1,33,[
91,1,36,[
91,1,45,[
91,1,48,[
91,1,6,[
91,1,8,[
91,1,9,[
91,2,1,[
91,2,12,[
91,2,32,[
91,2,34,[
91,2,38,[
91,2,42,[
91,2,44,[
91,2,47,[
91,2,49,[
91,2,7,[
91,3,12,[
91,3,14,[
91,3,15,[
91,3,16,[
91,3,18,[
91,3,20,[
91,3,33,[
91,3,36,[
91,3,44,[
91,4,13,[
91,4,14,[
91,4,17,[
91,4,2,[
91,4,21,[
91,4,23,[
91,4,25,[
91,4,28,[
91,4,31,[
91,4,41,[
91,4,5,[
91,5,11,[
91,5,12,[
91,5,17,[
91,5,28,[
91,5,31,[
91,5,35,[
91,5,37,[
91,5,41,[
91,5,43,[
91,5,46,[
91,5,49,[
91,5,6,[
91,5,7,[
91,6,11,[
91,6,16,[
91,6,18,[
91,6,25,[
91,6,26,[
91,6,34,[
91,6,41,[
91,6,42,[
91,6,8,[
91,7,12,[
91,7,30,[
91,7,32,[
91,7,33,[
91,7,41,[
91,7,43,[
91,7,44,[
91,7,45,[
91,7,47,[
91,7,5,[
91,7,8,[
91,8,10,[
91,8,21,[
91,8,22,[
91,8,24,[
91,8,30,[
91,8,34,[
91,8,35,[
91,8,4,[
91,9,0,[
91,9,14,[
91,9,20,[
91,9,21,[
91,9,30,[
91,9,5,[
91,9,7,[
93,0,1,]
93,0,13,]
93,0,15,]
93,0,17,]
93,0,20,]
93,0,26,]
93,0,28,]
93,0,4,]
93,0,6,]
93,1,12,]
93,1,14,]
93,1,26,]
93,1,29,]
93,1,3,]
93,1,32,]
93,1,33,]
93,1,42,]
93,1,49,]
93,2,1,]
93,2,16,]
93,2,17,]
93,2,24,]
93,2,26,]
93,2,33,]
93,3,17,]
93,3,23,]
93,3,27,]
93,3,32,]
93,3,34,]
93,3,35,]
93,3,41,]
93,3,44,]
93,3,45,]
93,3,47,]
93,3,6,]
93,3,7,]
93,3,9,]
93,4,1,]
93,4,18,]
93,4,24,]
93,4,26,]
93,4,31,]
93,4,36,]
93,4,4,]
93,4,45,]
93,5,1,]
93,5,14,]
93,5,16,]
93,5,17,]
93,5,19,]
93,5,2,]
93,5,22,]
93,5,25,]
93,5,27,]
93,5,38,]
93,5,4,]
93,5,41,]
93,5,44,]
93,5,45,]
93,5,47,]
93,5,49,]
93,5,5,]
93,6,23,]
93,6,25,]
93,6,3,]
93,6,34,]
93,6,36,]
93,6,38,]
93,6,4,]
93,6,44,]
93,7,0,]
93,7,12,]
93,7,15,]
93,7,16,]
93,7,2,]
93,7,28,]
93,7,29,]
93,7,34,]
93,7,35,]
93,7,37,]
93,7,41,]
93,7,47,]
93,7,6,]
93,7,8,]
93,8,12,]
93,8,21,]
93,8,3,]
93,8,4,]
93,8,40,]
93,8,5,]
93,9,13,]
93,9,15,]
93,9,17,]
93,9,2,]
93,9,21,]
93,9,25,]
93,9,26,]
93,9,40,]
93,9,42,]
93,9,5,]
97,0,1,a
97,0,22,a
97,0,24,a
97,0,37,a
97,0,48,a
97,0,5,a
97,0,8,a
97,1,0,a
97,1,11,a
97,1,2,a
97,1,20,a
97,1,22,a
97,1,28,a
97,1,34,a
97,1,44,a
97,1,46,a
97,1,47,a
97,2,0,a
97,2,13,a
97,2,23,a
97,2,24,a
97,2,30,a
97,2,39,a
97,2,40,a
97,2,44,a
97,2,6,a
97,3,16,a
97,3,24,a
97,3,25,a
97,3,27,a
97,3,31,a
97,3,32,a
97,3,46,a
97,3,47,a
97,3,48,a
97,4,13,a
97,4,15,a
97,4,27,a
97,4,3,a
97,4,30,a
97,4,4,a
97,4,43,a
97,4,47,a
97,4,49,a
97,4,5,a
97,4,7,a
97,4,8,a
97,5,18,a
97,5,24,a
97,5,27,a
97,5,28,a
97,5,29,a
97,5,32,a
97,5,35,a
97,5,38,a
97,5,44,a
97,6,0,a
97,6,1,a
97,6,15,a
97,6,23,a
97,6,26,a
97,6,34,a
97,6,37,a
97,6,40,a
97,6,45,a
97,6,8,a
97,7,14,a
97,7,18,a
97,7,2,a
97,7,22,a
97,7,24,a
97,7,27,a
97,7,34,a
97,7,4,a
97,7,45,a
97,8,10,a
97,8,12,a
97,8,26,a
97,8,27,a
97,8,28,a
97,8,29,a
97,8,32,a
97,8,44,a
97,8,48,a
97,9,10,a
97,9,11,a
97,9,19,a
97,9,20,a
97,9,24,a
97,9,25,a
97,9,3,a
97,9,30,a
97,9,34,a
97,9,35,a
97,9,42,a
97,9,43,a
97,9,44,a
97,9,47,a
97,9,49,a
97,9,5,a
98,0,2,b
98,0,20,b
98,0,25,b
98,0,33,b
98,0,35,b
98,0,36,b
98,0,4,b
98,0,45,b
98,0,46,b
98,1,11,b
98,1,25,b
98,1,32,b
98,1,34,b
98,1,40,b
98,1,46,b
98,1,7,b
98,1,9,b
98,2,1,b
98,2,12,b
98,2,13,b
98,2,14,b
98,2,18,b
98,2,21,b
98,2,22,b
98,2,27,b
98,2,3,b
98,2,39,b
98,2,4,b
98,2,8,b
98,3,11,b
98,3,16,b
98,3,23,b
98,3,27,b
98,3,3,b
98,3,30,b
98,3,33,b
98,3,35,b
98,3,36,b
98,3,39,b
98,3,41,b
98,3,8,b
98,4,12,b
98,4,17,b
98,4,24,b
98,4,25,b
98,4,33,b
98,5,10,b
98,5,11,b
98,5,20,b
98,5,30,b
98,5,4,b
98,5,40,b
98,5,42,b
98,5,46,b
98,5,48,b
98,5,9,b
98,6,11,b
98,6,14,b
98,6,18,b
98,6,27,b
98,6,3,b
98,6,30,b
98,6,39,b
98,6,43,b
98,6,5,b
98,6,6,b
98,7,13,b
98,7,15,b
98,7,19,b
98,7,20,b
98,7,25,b
98,7,26,b
98,7,29,b
98,7,38,b
98,7,39,b
98,7,48,b
98,7,49,b
98,7,5,b
98,7,9,b
98,8,1,b
98,8,15,b
98,8,16,b
98,8,17,b
98,8,19,b
98,8,21,b
98,8,26,b
98,8,27,b
98,8,32,b
98,9,11,b
98,9,12,b
98,9,15,b
98,9,16,b
98,9,27,b
98,9,28,b
98,9,33,b
98,9,36,b
98,9,4,b
98,9,42,b
98,9,48,b
98,9,7,b
99,0,0,c
99,0,1,c
99,0,13,c
99,0,15,c
99,0,17,c
99,0,19,c
99,0,20,c
99,0,26,c
99,0,27,c
99,0,30,c
99,0,36,c
99,0,39,c
99,0,43,c
99,0,45,c
99,0,47,c
99,1,32,c
99,1,33,c
99,1,35,c
99,1,40,c
99,1,41,c
99,1,43,c
99,1,46,c
99,1,5,c
99,2,1,c
99,2,14,c
99,2,21,c
99,2,29,c
99,2,33,c
99,2,34,c
99,2,36,c
99,2,45,c
99,2,6,c
99,3,11,c
99,3,12,c
99,3,13,c
99,3,15,c
99,3,25,c
99,3,44,c
99,3,47,c
99,3,48,c
99,3,49,c
99,3,9,c
99,4,22,c
99,4,23,c
99,4,33,c
99,4,34,c
99,4,36,c
99,4,47,c
99,4,5,c
99,4,8,c
99,5,13,c
99,5,17,c
99,5,18,c
99,5,23,c
99,5,24,c
99,5,28,c
99,5,32,c
99,5,33,c
99,5,34,c
99,5,35,c
99,5,36,c
99,5,41,c
99,5,44,c
99,6,1,c
99,6,13,c
99,6,17,c
99,6,22,c
99,6,23,c
99,6,25,c
99,6,34,c
99,6,4,c
99,6,44,c
99,6,47,c
99,6,6,c
99,6,9,c
99,7,0,c
99,7,14,c
99,7,15,c
99,7,17,c
99,7,18,c
99,7,21,c
99,8,10,c
99,8,14,c
99,8,18,c
99,8,28,c
99,8,29,c
99,8,42,c
99,8,45,c
99,8,47,c
99,8,49,c
99,9,0,c
99,9,10,c
99,9,13,c
99,9,14,c
99,9,16,c
99,9,24,c
99,9,28,c
99,9,39,c
99,9,43,c
99,9,9,c
